,,  A - 2  DECADAL VARIATION  IN  POPULATION  SINCE  1901,,,,,,,,,,,,,,,,,,,,,,,,,,,
State,District,State/District,Census Year,Persons,Variation since the preceding census ,,Males,Females,,,,,,,,,,,,,,,,,,,,,
Code,Code,,,,,,,,,,,,,,,,,,,,,,,,,,,,
,,,,,Absolute,Percentage,,,,,,,,,,,,,,,,,,,,,,,
1,2,3,4,5,6,7,8,9,,,,,,,,,,,,,,,,,,,,,
,,,,,,,,,,,,,,,,,,,,,,,,,,,,,
06,000,HARYANA,1901*,"4,623,064",-,-,"2,476,390","2,146,674",,,,,,,,,,,,,,,,,,,,,
,,,1911*,"4,174,677",-448387,-9.70,"2,274,909","1,899,768",,,,,,,,,,,,,,,,,,,,,
,,,1921*,"4,255,892","+81,215    ",+1.95          ,"2,307,985","1,947,907",,,,,,,,,,,,,,,,,,,,,
,,,1931*,"4,559,917","+304,025    ",+7.14          ,"2,473,228","2,086,689",,,,,,,,,,,,,,,,,,,,,
,,,1941*,"5,272,829","+712,912    ",+15.63          ,"2,821,783","2,451,046",,,,,,,,,,,,,,,,,,,,,
,,,1951,"5,673,597","+400,768    ",+7.60          ,"3,031,612","2,641,985",,,,,,,,,,,,,,,,,,,,,
,,,1961,"7,590,524","+1,916,927    ",+33.79          ,"4,062,787","3,527,737",,,,,,,,,,,,,,,,,,,,,
,,,1971,"10,036,431","+2,445,907    ",+32.22          ,"5,377,044","4,659,387",,,,,,,,,,,,,,,,,,,,,
,,,1981,"12,922,119","+2,885,688    ",+28.75          ,"6,909,679","6,012,440",,,,,,,,,,,,,,,,,,,,,
,,,1991,"16,463,648","+3,541,529    ",+27.41          ,"8,827,474","7,636,174",,,,,,,,,,,,,,,,,,,,,
,,,2001,"21,144,564","+4,680,916    ",+28.43          ,"11,363,953","9,780,611",,,,,,,,,,,,,,,,,,,,,
,,,2011,"25,351,462","+4,206,898    ",+19.90          ,"13,494,734","11,856,728",,,,,,,,,,,,,,,,,,,,,
,,,,,,,,,,,,,,,,,,,,,,,,,,,,,
06,069,Panchkula,1901,"73,413",-,-,"40,646","32,767",,,,,,,,,,,,,,,,,,,,,
,,,1911,"61,578",-11835,-16.12,"35,126","26,452",,,,,,,,,,,,,,,,,,,,,
,,,1921,"57,319",-4259,-6.92,"32,267","25,052",,,,,,,,,,,,,,,,,,,,,
,,,1931,"66,103",+8784          ,+15.32          ,"37,039","29,064",,,,,,,,,,,,,,,,,,,,,
,,,1941,"75,444",+9341          ,+14.13          ,"41,981","33,463",,,,,,,,,,,,,,,,,,,,,
,,,1951,"81,104",+5660          ,+7.50          ,"45,094","36,010",,,,,,,,,,,,,,,,,,,,,
,,,1961,"105,868",+24764          ,+30.53          ,"58,651","47,217",,,,,,,,,,,,,,,,,,,,,
,,,1971,"141,291",+35423          ,+33.46          ,"77,639","63,652",,,,,,,,,,,,,,,,,,,,,
,,,1981,"196,939",+55648          ,+39.39          ,"107,465","89,474",,,,,,,,,,,,,,,,,,,,,
,,,1991,"310,396",+113457          ,+57.61          ,"168,817","141,579",,,,,,,,,,,,,,,,,,,,,
,,,2001,"468,411",+158015          ,+50.91          ,"256,939","211,472",,,,,,,,,,,,,,,,,,,,,
,,,2011,"561,293",+92882          ,+19.83          ,"299,679","261,614",,,,,,,,,,,,,,,,,,,,,
,,,,,,,,,,,,,,,,,,,,,,,,,,,,,
06,070,Ambala,1901,"330,735",-,-,"183,117","147,618",,,,,,,,,,,,,,,,,,,,,
,,,1911,"277,417",-53318,-16.12,"158,247","119,170",,,,,,,,,,,,,,,,,,,,,
,,,1921,"258,229",-19188,-6.92,"145,369","112,860",,,,,,,,,,,,,,,,,,,,,
,,,1931,"297,802",+39573          ,+15.32          ,"166,867","130,935",,,,,,,,,,,,,,,,,,,,,
,,,1941,"339,882",+42080          ,+14.13          ,"189,129","150,753",,,,,,,,,,,,,,,,,,,,,
,,,1951,"365,383",+25501          ,+7.50          ,"202,179","163,204",,,,,,,,,,,,,,,,,,,,,
,,,1961,"453,581",+88198          ,+24.14          ,"248,197","205,384",,,,,,,,,,,,,,,,,,,,,
,,,1971,"539,297",+85716          ,+18.90          ,"286,542","252,755",,,,,,,,,,,,,,,,,,,,,
,,,1981,"659,385",+120088          ,+22.27          ,"346,763","312,622",,,,,,,,,,,,,,,,,,,,,
,,,1991,"806,482",+147097          ,+22.31          ,"423,721","382,761",,,,,,,,,,,,,,,,,,,,,
,,,2001,"1,014,411",+207929          ,+25.78          ,"542,977","471,434",,,,,,,,,,,,,,,,,,,,,
,,,2011,"1,128,350",+113939          ,+11.23          ,"598,703","529,647",,,,,,,,,,,,,,,,,,,,,
,,,,,,,,,,,,,,,,,,,,,,,,,,,,,
06,071,Yamunanagar,1901,"234,603",-,-,"129,562","105,041",,,,,,,,,,,,,,,,,,,,,
,,,1911,"198,649",-35954,-15.33,"112,719","85,930",,,,,,,,,,,,,,,,,,,,,
,,,1921,"214,427",15778,+7.94          ,"120,294","94,133",,,,,,,,,,,,,,,,,,,,,
,,,1931,"213,007",-1420,-0.66,"119,098","93,909",,,,,,,,,,,,,,,,,,,,,
,,,1941,"243,803",+30796          ,+14.46          ,"135,323","108,480",,,,,,,,,,,,,,,,,,,,,
,,,1951,"262,906",+19103          ,+7.84          ,"142,824","120,082",,,,,,,,,,,,,,,,,,,,,
,,,1961,"370,224",+107318          ,+40.82          ,"201,604","168,620",,,,,,,,,,,,,,,,,,,,,
,,,1971,"478,483",+108259          ,+29.24          ,"258,988","219,495",,,,,,,,,,,,,,,,,,,,,
,,,1981,"632,820",+154337          ,+32.26          ,"341,218","291,602",,,,,,,,,,,,,,,,,,,,,
,,,1991,"806,279",+173459          ,+27.41          ,"428,232","378,047",,,,,,,,,,,,,,,,,,,,,
,,,2001,"1,041,630",+235351          ,+29.19          ,"559,444","482,186",,,,,,,,,,,,,,,,,,,,,
,,,2011,"1,214,205",+172575          ,+16.57          ,"646,718","567,487",,,,,,,,,,,,,,,,,,,,,
,,,,,,,,,,,,,,,,,,,,,,,,,,,,,
06,072,Kurukshetra,1901,"175,735",-,-,"95,287","80,448",,,,,,,,,,,,,,,,,,,,,
,,,1911,"158,807",-16928,-9.63,"86,948","71,859",,,,,,,,,,,,,,,,,,,,,
,,,1921,"164,560",+5753          ,+3.62          ,"90,090","74,470",,,,,,,,,,,,,,,,,,,,,
,,,1931,"169,002",+4442          ,+2.70          ,"93,131","75,871",,,,,,,,,,,,,,,,,,,,,
,,,1941,"197,157",+28155          ,+16.66          ,"107,616","89,541",,,,,,,,,,,,,,,,,,,,,
,,,1951,"219,455",+22298          ,+11.31          ,"118,084","101,371",,,,,,,,,,,,,,,,,,,,,
,,,1961,"341,906",+122451          ,+55.80          ,"184,489","157,417",,,,,,,,,,,,,,,,,,,,,
,,,1971,"465,222",+123316          ,+36.07          ,"250,191","215,031",,,,,,,,,,,,,,,,,,,,,
,,,1981,"542,423",+77201          ,+16.59          ,"289,759","252,664",,,,,,,,,,,,,,,,,,,,,
,,,1991,"669,346",+126923          ,+23.40          ,"356,181","313,165",,,,,,,,,,,,,,,,,,,,,
,,,2001,"825,454",+156108          ,+23.32          ,"442,328","383,126",,,,,,,,,,,,,,,,,,,,,
,,,2011,"964,655",+139201          ,+16.86          ,"510,976","453,679",,,,,,,,,,,,,,,,,,,,,
,,,,,,,,,,,,,,,,,,,,,,,,,,,,,
06,073,Kaithal,1901,N.A,-,-,N.A,N.A,,,,,,,,,,,,,,,,,,,,,
,,,1911,N.A,N.A,N.A,N.A,N.A,,,,,,,,,,,,,,,,,,,,,
,,,1921,N.A,N.A,N.A,N.A,N.A,,,,,,,,,,,,,,,,,,,,,
,,,1931,N.A,N.A,N.A,N.A,N.A,,,,,,,,,,,,,,,,,,,,,
,,,1941,N.A,N.A,N.A,N.A,N.A,,,,,,,,,,,,,,,,,,,,,
,,,1951,"227,168",N.A,N.A,"122,887","104,281",,,,,,,,,,,,,,,,,,,,,
,,,1961,"334,804",+107636          ,+47.38          ,"182,228","152,576",,,,,,,,,,,,,,,,,,,,,
,,,1971,"461,897",+127093          ,+37.96          ,"250,559","211,338",,,,,,,,,,,,,,,,,,,,,
,,,1981,"646,566",+184669          ,+39.98          ,"349,781","296,785",,,,,,,,,,,,,,,,,,,,,
,,,1991,"781,814",+135248          ,+20.92          ,"421,894","359,920",,,,,,,,,,,,,,,,,,,,,
,,,2001,"946,131",+164317          ,+21.02          ,"510,513","435,618",,,,,,,,,,,,,,,,,,,,,
,,,2011,"1,074,304",+128173          ,+13.55          ,"571,003","503,301",,,,,,,,,,,,,,,,,,,,,
,,,,,,,,,,,,,,,,,,,,,,,,,,,,,
06,074,Karnal,1901,"230,386",-,-,"124,859","105,527",,,,,,,,,,,,,,,,,,,,,
,,,1911,"208,536",-21850,-9.48,"114,074","94,462",,,,,,,,,,,,,,,,,,,,,
,,,1921,"215,872",+7336          ,+3.52          ,"118,108","97,764",,,,,,,,,,,,,,,,,,,,,
,,,1931,"221,887",+6015          ,+2.79          ,"122,233","99,654",,,,,,,,,,,,,,,,,,,,,
,,,1941,"258,969",+37082          ,+16.71          ,"141,300","117,669",,,,,,,,,,,,,,,,,,,,,
,,,1951,"353,764",+94795          ,+36.60          ,"190,221","163,543",,,,,,,,,,,,,,,,,,,,,
,,,1961,"474,722",+120958          ,+34.19          ,"256,203","218,519",,,,,,,,,,,,,,,,,,,,,
,,,1971,"619,533",+144811          ,+30.50          ,"333,714","285,819",,,,,,,,,,,,,,,,,,,,,
,,,1981,"829,927",+210394          ,+33.96          ,"447,054","382,873",,,,,,,,,,,,,,,,,,,,,
,,,1991,"1,035,390",+205463          ,+24.76          ,"555,322","480,068",,,,,,,,,,,,,,,,,,,,,
,,,2001,"1,274,183",+238793          ,+23.06          ,"683,368","590,815",,,,,,,,,,,,,,,,,,,,,
,,,2011,"1,505,324",+231141          ,+18.14          ,"797,712","707,612",,,,,,,,,,,,,,,,,,,,,
,,,,,,,,,,,,,,,,,,,,,,,,,,,,,
06,075,Panipat,1901,N.A,-,-,N.A,N.A,,,,,,,,,,,,,,,,,,,,,
,,,1911,N.A,N.A,N.A,N.A,N.A,,,,,,,,,,,,,,,,,,,,,
,,,1921,N.A,N.A,N.A,N.A,N.A,,,,,,,,,,,,,,,,,,,,,
,,,1931,N.A,N.A,N.A,N.A,N.A,,,,,,,,,,,,,,,,,,,,,
,,,1941,N.A,N.A,N.A,N.A,N.A,,,,,,,,,,,,,,,,,,,,,
,,,1951,"238,834",N.A,N.A,"127,978","110,856",,,,,,,,,,,,,,,,,,,,,
,,,1961,"298,232",+59398          ,+24.87          ,"160,601","137,631",,,,,,,,,,,,,,,,,,,,,
,,,1971,"382,445",+84213          ,+28.24          ,"206,550","175,895",,,,,,,,,,,,,,,,,,,,,
,,,1981,"507,164",+124719          ,+32.61          ,"274,331","232,833",,,,,,,,,,,,,,,,,,,,,
,,,1991,"698,103",+190939          ,+37.65          ,"376,991","321,112",,,,,,,,,,,,,,,,,,,,,
,,,2001,"967,449",+269346          ,+38.58          ,"528,860","438,589",,,,,,,,,,,,,,,,,,,,,
,,,2011,"1,205,437",+237988          ,+24.60          ,"646,857","558,580",,,,,,,,,,,,,,,,,,,,,
,,,,,,,,,,,,,,,,,,,,,,,,,,,,,
06,076,Sonipat,1901,"330,208",-,-,"175,508","154,700",,,,,,,,,,,,,,,,,,,,,
,,,1911,"284,856",-45352,-13.73,"153,444","131,412",,,,,,,,,,,,,,,,,,,,,
,,,1921,"307,091",+22235          ,+7.81          ,"165,806","141,285",,,,,,,,,,,,,,,,,,,,,
,,,1931,"320,840",+13749          ,+4.48          ,"172,145","148,695",,,,,,,,,,,,,,,,,,,,,
,,,1941,"379,798",+58958          ,+18.38          ,"198,299","181,499",,,,,,,,,,,,,,,,,,,,,
,,,1951,"432,282",+52484          ,+13.82          ,"229,191","203,091",,,,,,,,,,,,,,,,,,,,,
,,,1961,"546,873",+114591          ,+26.51          ,"290,041","256,832",,,,,,,,,,,,,,,,,,,,,
,,,1971,"679,834",+132961          ,+24.31          ,"364,220","315,614",,,,,,,,,,,,,,,,,,,,,
,,,1981,"839,298",+159464          ,+23.46          ,"449,852","389,446",,,,,,,,,,,,,,,,,,,,,
,,,1991,"1,045,158",+205860          ,+24.53          ,"567,901","477,257",,,,,,,,,,,,,,,,,,,,,
,,,2001,"1,279,175",+234017          ,+22.39          ,"695,723","583,452",,,,,,,,,,,,,,,,,,,,,
,,,2011,"1,450,001",+170826          ,+13.35          ,"781,299","668,702",,,,,,,,,,,,,,,,,,,,,
,,,,,,,,,,,,,,,,,,,,,,,,,,,,,
06,077,Jind,1901,N.A,-,-,N.A,N.A,,,,,,,,,,,,,,,,,,,,,
,,,1911,N.A,N.A,N.A,N.A,N.A,,,,,,,,,,,,,,,,,,,,,
,,,1921,N.A,N.A,N.A,N.A,N.A,,,,,,,,,,,,,,,,,,,,,
,,,1931,N.A,N.A,N.A,N.A,N.A,,,,,,,,,,,,,,,,,,,,,
,,,1941,N.A,N.A,N.A,N.A,N.A,,,,,,,,,,,,,,,,,,,,,
,,,1951,"351,651",N.A,N.A,"190,193","161,458",,,,,,,,,,,,,,,,,,,,,
,,,1961,"467,416",+115765          ,+32.92          ,"251,722","215,694",,,,,,,,,,,,,,,,,,,,,
,,,1971,"636,428",+169012          ,+36.16          ,"342,235","294,193",,,,,,,,,,,,,,,,,,,,,
,,,1981,"796,902",+160474          ,+25.21          ,"429,247","367,655",,,,,,,,,,,,,,,,,,,,,
,,,1991,"980,434",+183532          ,+23.03          ,"533,421","447,013",,,,,,,,,,,,,,,,,,,,,
,,,2001,"1,189,827",+209393          ,+21.36          ,"642,282","547,545",,,,,,,,,,,,,,,,,,,,,
,,,2011,"1,334,152",+144325          ,+12.13          ,"713,006","621,146",,,,,,,,,,,,,,,,,,,,,
,,,,,,,,,,,,,,,,,,,,,,,,,,,,,
06,078,Fatehabad,1901,N.A,-,-,N.A,N.A,,,,,,,,,,,,,,,,,,,,,
,,,1911,N.A,N.A,N.A,N.A,N.A,,,,,,,,,,,,,,,,,,,,,
,,,1921,N.A,N.A,N.A,N.A,N.A,,,,,,,,,,,,,,,,,,,,,
,,,1931,N.A,N.A,N.A,N.A,N.A,,,,,,,,,,,,,,,,,,,,,
,,,1941,N.A,N.A,N.A,N.A,N.A,,,,,,,,,,,,,,,,,,,,,
,,,1951,"146,650",N.A,N.A,"79,145","67,505",,,,,,,,,,,,,,,,,,,,,
,,,1961,"259,006",+112356          ,+76.62          ,"139,885","119,121",,,,,,,,,,,,,,,,,,,,,
,,,1971,"388,062",+129056          ,+49.83          ,"207,514","180,548",,,,,,,,,,,,,,,,,,,,,
,,,1981,"512,512",+124450          ,+32.07          ,"272,450","240,062",,,,,,,,,,,,,,,,,,,,,
,,,1991,"646,160",+133648          ,+26.08          ,"344,193","301,967",,,,,,,,,,,,,,,,,,,,,
,,,2001,"806,158",+159998          ,+24.76          ,"427,862","378,296",,,,,,,,,,,,,,,,,,,,,
,,,2011,"942,011",+135853          ,+16.85          ,"495,360","446,651",,,,,,,,,,,,,,,,,,,,,
,,,,,,,,,,,,,,,,,,,,,,,,,,,,,
06,079,Sirsa,1901,"165,167",-,-,"88,290","76,877",,,,,,,,,,,,,,,,,,,,,
,,,1911,"170,733",+5566          ,+3.37          ,"92,935","77,798",,,,,,,,,,,,,,,,,,,,,
,,,1921,"173,476",+2743          ,+1.61          ,"92,441","81,035",,,,,,,,,,,,,,,,,,,,,
,,,1931,"190,772",+17296          ,+9.97          ,"102,852","87,920",,,,,,,,,,,,,,,,,,,,,
,,,1941,"213,522",+22750          ,+11.93          ,"113,673","99,849",,,,,,,,,,,,,,,,,,,,,
,,,1951,"221,282",+7760          ,+3.63          ,"120,095","101,187",,,,,,,,,,,,,,,,,,,,,
,,,1961,"370,665",+149383          ,+67.51          ,"200,901","169,764",,,,,,,,,,,,,,,,,,,,,
,,,1971,"533,604",+162939          ,+43.96          ,"286,162","247,442",,,,,,,,,,,,,,,,,,,,,
,,,1981,"707,068",+173464          ,+32.51          ,"376,602","330,466",,,,,,,,,,,,,,,,,,,,,
,,,1991,"903,536",+196468          ,+27.79          ,"479,407","424,129",,,,,,,,,,,,,,,,,,,,,
,,,2001,"1,116,649",+213113          ,+23.59          ,"593,245","523,404",,,,,,,,,,,,,,,,,,,,,
,,,2011,"1,295,189",+178540          ,+15.99          ,"682,582","612,607",,,,,,,,,,,,,,,,,,,,,
,,,,,,,,,,,,,,,,,,,,,,,,,,,,,
06,080,Hisar,1901,N.A,-,-,N.A,N.A,,,,,,,,,,,,,,,,,,,,,
,,,1911,N.A,N.A,N.A,N.A,N.A,,,,,,,,,,,,,,,,,,,,,
,,,1921,N.A,N.A,N.A,N.A,N.A,,,,,,,,,,,,,,,,,,,,,
,,,1931,N.A,N.A,N.A,N.A,N.A,,,,,,,,,,,,,,,,,,,,,
,,,1941,N.A,N.A,N.A,N.A,N.A,,,,,,,,,,,,,,,,,,,,,
,,,1951,"423,390",N.A,N.A,"226,277","197,113",,,,,,,,,,,,,,,,,,,,,
,,,1961,"577,887",+154497          ,+36.49          ,"309,721","268,166",,,,,,,,,,,,,,,,,,,,,
,,,1971,"774,265",+196378          ,+33.98          ,"416,596","357,669",,,,,,,,,,,,,,,,,,,,,
,,,1981,"985,769",+211504          ,+27.32          ,"530,262","455,507",,,,,,,,,,,,,,,,,,,,,
,,,1991,"1,209,238",+223469          ,+22.67          ,"652,714","556,524",,,,,,,,,,,,,,,,,,,,,
,,,2001,"1,537,117",+327879          ,+27.11          ,"830,520","706,597",,,,,,,,,,,,,,,,,,,,,
,,,2011,"1,743,931",+206814          ,+13.45          ,"931,562","812,369",,,,,,,,,,,,,,,,,,,,,
,,,,,,,,,,,,,,,,,,,,,,,,,,,,,
06,081,Bhiwani,1901,N.A,-,-,N.A,N.A,,,,,,,,,,,,,,,,,,,,,
,,,1911,N.A,N.A,N.A,N.A,N.A,,,,,,,,,,,,,,,,,,,,,
,,,1921,N.A,N.A,N.A,N.A,N.A,,,,,,,,,,,,,,,,,,,,,
,,,1931,N.A,N.A,N.A,N.A,N.A,,,,,,,,,,,,,,,,,,,,,
,,,1941,N.A,N.A,N.A,N.A,N.A,,,,,,,,,,,,,,,,,,,,,
,,,1951,"431,188",N.A,N.A,"229,295","201,893",,,,,,,,,,,,,,,,,,,,,
,,,1961,"555,889",+124701          ,+28.92          ,"295,696","260,193",,,,,,,,,,,,,,,,,,,,,
,,,1971,"724,741",+168852          ,+30.38          ,"385,888","338,853",,,,,,,,,,,,,,,,,,,,,
,,,1981,"947,374",+222633          ,+30.72          ,"499,349","448,025",,,,,,,,,,,,,,,,,,,,,
,,,1991,"1,163,400",+216026          ,+22.80          ,"619,362","544,038",,,,,,,,,,,,,,,,,,,,,
,,,2001,"1,425,022",+261622          ,+22.49          ,"758,253","666,769",,,,,,,,,,,,,,,,,,,,,
,,,2011,"1,634,445",+209423          ,+14.70          ,"866,672","767,773",,,,,,,,,,,,,,,,,,,,,
,,,,,,,,,,,,,,,,,,,,,,,,,,,,,
,,,,,,,,,,,,,,,,,,,,,,,,,,,,,
06,082,Rohtak,1901,"262,040",-,-,"139,276","122,764",,,,,,,,,,,,,,,,,,,,,
,,,1911,"226,051",-35989,-13.73,"121,767","104,284",,,,,,,,,,,,,,,,,,,,,
,,,1921,"243,695",+17644          ,+7.81          ,"131,577","112,118",,,,,,,,,,,,,,,,,,,,,
,,,1931,"254,606",+10911          ,+4.48          ,"136,608","117,998",,,,,,,,,,,,,,,,,,,,,
,,,1941,"301,394",+46788          ,+18.38          ,"157,363","144,031",,,,,,,,,,,,,,,,,,,,,
,,,1951,"343,962",+42568          ,+14.12          ,"182,663","161,299",,,,,,,,,,,,,,,,,,,,,
,,,1961,"433,167",+89205          ,+25.93          ,"229,777","203,390",,,,,,,,,,,,,,,,,,,,,
,,,1971,"545,879",+112712          ,+26.02          ,"290,728","255,151",,,,,,,,,,,,,,,,,,,,,
,,,1981,"659,644",+113765          ,+20.84          ,"352,959","306,685",,,,,,,,,,,,,,,,,,,,,
,,,1991,"776,966",+117322          ,+17.79          ,"420,253","356,713",,,,,,,,,,,,,,,,,,,,,
,,,2001,"940,128",+163162          ,+21.0          ,"509,038","431,090",,,,,,,,,,,,,,,,,,,,,
,,,2011,"1,061,204",+121076          ,+12.88          ,"568,479","492,725",,,,,,,,,,,,,,,,,,,,,
,,,,,,,,,,,,,,,,,,,,,,,,,,,,,
06,083,Jhajjar,1901,"220,225",-,-,"117,051","103,174",,,,,,,,,,,,,,,,,,,,,
,,,1911,"189,979",-30246,-13.73,"102,336","87,643",,,,,,,,,,,,,,,,,,,,,
,,,1921,"204,808",+14829          ,+7.81          ,"110,581","94,227",,,,,,,,,,,,,,,,,,,,,
,,,1931,"213,977",+9169          ,+4.48          ,"114,809","99,168",,,,,,,,,,,,,,,,,,,,,
,,,1941,"253,298",+39321          ,+18.38          ,"132,252","121,046",,,,,,,,,,,,,,,,,,,,,
,,,1951,"295,085",+41787          ,+16.50          ,"154,378","140,707",,,,,,,,,,,,,,,,,,,,,
,,,1961,"375,209",+80124          ,+27.15          ,"197,297","177,912",,,,,,,,,,,,,,,,,,,,,
,,,1971,"479,482",+104273          ,+27.79          ,"251,918","227,564",,,,,,,,,,,,,,,,,,,,,
,,,1981,"589,212",+109730          ,+22.89          ,"311,550","277,662",,,,,,,,,,,,,,,,,,,,,
,,,1991,"715,136",+125924          ,+21.37          ,"384,364","330,772",,,,,,,,,,,,,,,,,,,,,
,,,2001,"880,072",+164936          ,+23.06          ,"476,475","403,597",,,,,,,,,,,,,,,,,,,,,
,,,2011,"958,405",+78333          ,+8.90          ,"514,667","443,738",,,,,,,,,,,,,,,,,,,,,
,,,,,,,,,,,,,,,,,,,,,,,,,,,,,
06,084,Mahendragarh,1901,N.A,-,-,N.A,N.A,,,,,,,,,,,,,,,,,,,,,
,,,1911,N.A,N.A,N.A,N.A,N.A,,,,,,,,,,,,,,,,,,,,,
,,,1921,N.A,N.A,N.A,N.A,N.A,,,,,,,,,,,,,,,,,,,,,
,,,1931,N.A,N.A,N.A,N.A,N.A,,,,,,,,,,,,,,,,,,,,,
,,,1941,N.A,N.A,N.A,N.A,N.A,,,,,,,,,,,,,,,,,,,,,
,,,1951,"277,320",N.A,N.A,"140,650","136,670",,,,,,,,,,,,,,,,,,,,,
,,,1961,"340,059",+62739          ,+22.62          ,"173,433","166,626",,,,,,,,,,,,,,,,,,,,,
,,,1971,"423,797",+83738          ,+24.62          ,"221,918","201,879",,,,,,,,,,,,,,,,,,,,,
,,,1981,"533,074",+109277          ,+25.79          ,"274,934","258,140",,,,,,,,,,,,,,,,,,,,,
,,,1991,"681,869",+148795          ,+27.91          ,"357,004","324,865",,,,,,,,,,,,,,,,,,,,,
,,,2001,"812,521",+130652          ,+19.16          ,"423,578","388,943",,,,,,,,,,,,,,,,,,,,,
,,,2011,"922,088",+109567          ,+13.48          ,"486,665","435,423",,,,,,,,,,,,,,,,,,,,,
,,,,,,,,,,,,,,,,,,,,,,,,,,,,,
06,085,Rewari,1901,N.A,-,-,N.A,N.A,,,,,,,,,,,,,,,,,,,,,
,,,1911,N.A,N.A,N.A,N.A,N.A,,,,,,,,,,,,,,,,,,,,,
,,,1921,N.A,N.A,N.A,N.A,N.A,,,,,,,,,,,,,,,,,,,,,
,,,1931,N.A,N.A,N.A,N.A,N.A,,,,,,,,,,,,,,,,,,,,,
,,,1941,N.A,N.A,N.A,N.A,N.A,,,,,,,,,,,,,,,,,,,,,
,,,1951,"259,847",N.A,N.A,"134,617","125,230",,,,,,,,,,,,,,,,,,,,,
,,,1961,"314,793",+54946          ,+21.15          ,"163,457","151,336",,,,,,,,,,,,,,,,,,,,,
,,,1971,"390,351",+75558          ,+24.0          ,"202,542","187,809",,,,,,,,,,,,,,,,,,,,,
,,,1981,"486,084",+95733          ,+24.52          ,"252,338","233,746",,,,,,,,,,,,,,,,,,,,,
,,,1991,"610,611",+124527          ,+25.62          ,"316,854","293,757",,,,,,,,,,,,,,,,,,,,,
,,,2001,"765,351",+154740          ,+25.34          ,"403,034","362,317",,,,,,,,,,,,,,,,,,,,,
,,,2011,"900,332",+134981          ,+17.64          ,"474,335","425,997",,,,,,,,,,,,,,,,,,,,,
,,,,,,,,,,,,,,,,,,,,,,,,,,,,,
06,086,Gurgaon,1901,"182,978",-,-,"96,058","86,920",,,,,,,,,,,,,,,,,,,,,
,,,1911,"159,558",-23420,-12.80,"84,969","74,589",,,,,,,,,,,,,,,,,,,,,
,,,1921,"148,627",-10931,-6.85,"79,987","68,640",,,,,,,,,,,,,,,,,,,,,
,,,1931,"162,464",+13837          ,+9.31          ,"87,388","75,076",,,,,,,,,,,,,,,,,,,,,
,,,1941,"186,775",+24311          ,+14.96          ,"99,343","87,432",,,,,,,,,,,,,,,,,,,,,
,,,1951,"201,727",+14952          ,+8.01          ,"106,261","95,466",,,,,,,,,,,,,,,,,,,,,
,,,1961,"259,655",+57928          ,+28.72          ,"138,128","121,527",,,,,,,,,,,,,,,,,,,,,
,,,1971,"348,151",+88496          ,+34.08          ,"184,487","163,664",,,,,,,,,,,,,,,,,,,,,
,,,1981,"471,695",+123544          ,+35.49          ,"251,235","220,460",,,,,,,,,,,,,,,,,,,,,
,,,1991,"606,791",+135096          ,+28.64          ,"324,396","282,395",,,,,,,,,,,,,,,,,,,,,
,,,2001,"874,695",+267904          ,+44.15          ,"472,705","401,990",,,,,,,,,,,,,,,,,,,,,
,,,2011,"1,514,432",+639737          ,+73.14          ,"816,690","697,742",,,,,,,,,,,,,,,,,,,,,
,,,,,,,,,,,,,,,,,,,,,,,,,,,,,
06,087,Mewat,1901,"167,539",-,-,"87,953","79,586",,,,,,,,,,,,,,,,,,,,,
,,,1911,"146,094",-21445,-12.80,"77,799","68,295",,,,,,,,,,,,,,,,,,,,,
,,,1921,"136,085",-10009,-6.85,"73,237","62,848",,,,,,,,,,,,,,,,,,,,,
,,,1931,"148,756",+12671          ,+9.31          ,"80,015","68,741",,,,,,,,,,,,,,,,,,,,,
,,,1941,"171,014",+22258          ,+14.96          ,"90,960","80,054",,,,,,,,,,,,,,,,,,,,,
,,,1951,"184,705",+13691          ,+8.01          ,"97,609","87,096",,,,,,,,,,,,,,,,,,,,,
,,,1961,"239,352",+54647          ,+29.59          ,"125,824","113,528",,,,,,,,,,,,,,,,,,,,,
,,,1971,"320,670",+81318          ,+33.97          ,"170,153","150,517",,,,,,,,,,,,,,,,,,,,,
,,,1981,"392,173",+71503          ,+22.30          ,"208,171","184,002",,,,,,,,,,,,,,,,,,,,,
,,,1991,"539,299",+147126          ,+37.52          ,"288,224","251,075",,,,,,,,,,,,,,,,,,,,,
,,,2001,"785,594",+246295          ,+45.67          ,"413,746","371,848",,,,,,,,,,,,,,,,,,,,,
,,,2011,"1,089,263",+303669          ,+38.65          ,"571,162","518,101",,,,,,,,,,,,,,,,,,,,,
,,,,,,,,,,,,,,,,,,,,,,,,,,,,,
06,088,Faridabad,1901,"116,564",-,-,"61,193","55,371",,,,,,,,,,,,,,,,,,,,,
,,,1911,"101,645",-14919,-12.80,"54,128","47,517",,,,,,,,,,,,,,,,,,,,,
,,,1921,"94,680",-6965,-6.85,"50,954","43,726",,,,,,,,,,,,,,,,,,,,,
,,,1931,"103,496",+8816          ,+9.31          ,"55,669","47,827",,,,,,,,,,,,,,,,,,,,,
,,,1941,"118,983",+15487          ,+14.96          ,"63,285","55,698",,,,,,,,,,,,,,,,,,,,,
,,,1951,"128,508",+9525          ,+8.01          ,"69,391","59,117",,,,,,,,,,,,,,,,,,,,,
,,,1961,"179,815",+51307          ,+39.93          ,"98,010","81,805",,,,,,,,,,,,,,,,,,,,,
,,,1971,"322,999",+143184          ,+79.63          ,"182,731","140,268",,,,,,,,,,,,,,,,,,,,,
,,,1981,"517,597",+194598          ,+60.25          ,"290,982","226,615",,,,,,,,,,,,,,,,,,,,,
,,,1991,"859,442",+341845          ,+66.04          ,"473,562","385,880",,,,,,,,,,,,,,,,,,,,,
,,,2001,"1,365,465",+506023          ,+58.88          ,"747,673","617,792",,,,,,,,,,,,,,,,,,,,,
,,,2011,"1,809,733",+444268          ,+32.54          ,"966,110","843,623",,,,,,,,,,,,,,,,,,,,,
,,,,,,,,,,,,,,,,,,,,,,,,,,,,,
06,089,Palwal,1901,"206,252",-,-,"108,277","97,975",,,,,,,,,,,,,,,,,,,,,
,,,1911,"179,854",-26398,-12.80,"95,778","84,076",,,,,,,,,,,,,,,,,,,,,
,,,1921,"167,531",-12323,-6.85,"90,160","77,371",,,,,,,,,,,,,,,,,,,,,
,,,1931,"183,129",+15598          ,+9.31          ,"98,505","84,624",,,,,,,,,,,,,,,,,,,,,
,,,1941,"210,532",+27403          ,+14.96          ,"111,980","98,552",,,,,,,,,,,,,,,,,,,,,
,,,1951,"227,386",+16854          ,+8.01          ,"122,580","104,806",,,,,,,,,,,,,,,,,,,,,
,,,1961,"291,401",+64015          ,+28.15          ,"156,922","134,479",,,,,,,,,,,,,,,,,,,,,
,,,1971,"380,000",+88599          ,+30.40          ,"205,769","174,231",,,,,,,,,,,,,,,,,,,,,
,,,1981,"468,493",+88493          ,+23.29          ,"253,377","215,116",,,,,,,,,,,,,,,,,,,,,
,,,1991,"617,798",+149305          ,+31.87          ,"334,661","283,137",,,,,,,,,,,,,,,,,,,,,
,,,2001,"829,121",+211323          ,+34.21          ,"445,390","383,731",,,,,,,,,,,,,,,,,,,,,
,,,2011,"1,042,708",+213587          ,+25.76          ,"554,497","488,211",,,,,,,,,,,,,,,,,,,,,
,,,,,,,,,,,,,,,,,,,,,,,,,,,,,
,,,,,,,,,,,,,,,,,,,,,,,,,,,,,
,,,,,,,,,,,,,,,,,,,,,,,,,,,,,
,,Note:-,,,,,,,,,,,,,,,,,,,,,,,,,,,
,,i),"* The totals of population of all the districts of Haryana for 1901, 1911, 1921, 1931 and 1941 Census does not",,,,,,,,,,,,,,,,,,,,,,,,,,
,,,tally with the total population of the state because the population for these Censuses is not available for,,,,,,,,,,,,,,,,,,,,,,,,,,
,,,"Kaithal, Panipat, Rewari, Mahendragarh, Jind, Fatehabad, Hisar and Bhiwani Districts. ",,,,,,,,,,,,,,,,,,,,,,,,,,
,,,,,,,,,,,,,,,,,,,,,,,,,,,,,
,,ii), District formed after 2001 census are shown in Italics print.,,,,,,,,,,,,,,,,,,,,,,,,,,
,,,,,,,,,,,,,,,,,,,,,,,,,,,,,
,,,,,,,,,,,,,,,,,,,,,,,,,,,,,
,,,,,,,,,,,,,,,,,,,,,,,,,,,,,