,,  A - 2  DECADAL VARIATION  IN  POPULATION  SINCE  1901,,,,,,,,,,,,,,,,,
State,District,State/District,Census Year,Persons,Variation since the preceding census ,,Males,Females,,,,,,,,,,,
Code,Code,,,,,,,,,,,,,,,,,,
,,,,,Absolute,Percentage,,,,,,,,,,,,,
1,2,3,4,5,6,7,8,9,,,,,,,,,,,
23,000,MADHYA PRADESH,1901," 12,679,214 ",-,-,"*6,429,374","*6,249,840",,,,,,,,,,,
,, ,1911," 14,249,382 ","+1,570,168    ",+12.38          ," 7,245,404 "," 7,003,978 ",,,,,,,,,,,
,,,1921," 13,906,774 ","-342,608 ",-2.40 ," 7,133,621 "," 6,773,153 ",,,,,,,,,,,
,,,1931," 15,326,879 ","+1,420,105    ",+10.21          ," 7,871,541 "," 7,455,338 ",,,,,,,,,,,
,,,1941," 17,175,722 ","+1,848,843    ",+12.06          ," 8,825,634 "," 8,350,088 ",,,,,,,,,,,
,,,1951," 18,614,931 ","+1,439,209    ",+8.38          ," 9,571,722 "," 9,043,209 ",,,,,,,,,,,
,,,1961," 23,217,910 ","+4,602,979    ",+24.73          ," 12,020,106 "," 11,197,804 ",,,,,,,,,,,
,,,1971," 30,016,625 ","+6,798,715    ",+29.28          ," 15,630,250 "," 14,386,375 ",,,,,,,,,,,
,,,1981," 38,168,507 ","+8,151,882    ",+27.16          ," 19,866,607 "," 18,301,900 ",,,,,,,,,,,
,,,1991," 48,566,242 ","+10,397,735    ",+27.24          ," 25,394,673 "," 23,171,569 ",,,,,,,,,,,
,,,2001," 60,348,023 ","+11,781,781    ",+24.26          ," 31,443,652 "," 28,904,371 ",,,,,,,,,,,
,,,2011," 72,626,809 ","+12,278,786    ",+20.35          ," 37,612,306 "," 35,014,503 ",,,,,,,,,,,
,,,,,,,,,,,,,,,,,,,
23,418,Sheopur,1901," 122,149 ",-,-, NA , NA ,,,,,,,,,,,
,,,1911," 120,427 ","-1,722 ",-1.41 ," 65,237 "," 55,190 ",,,,,,,,,,,
,,,1921," 110,042 ","-10,385 ",-8.62 ," 60,410 "," 49,632 ",,,,,,,,,,,
,,,1931," 120,805 ","+10,763    ",+9.78          ," 66,205 "," 54,600 ",,,,,,,,,,,
,,,1941," 137,014 ","+16,209    ",+13.42          ," 74,794 "," 62,220 ",,,,,,,,,,,
,,,1951," 151,107 ","+14,093    ",+10.29          ," 79,186 "," 71,921 ",,,,,,,,,,,
,,,1961," 192,944 ","+41,837    ",+27.69          ," 103,667 "," 89,277 ",,,,,,,,,,,
,,,1971," 242,988 ","+50,044    ",+25.94          ," 128,808 "," 114,180 ",,,,,,,,,,,
,,,1981," 323,649 ","+80,661    ",+33.20          ," 171,502 "," 152,147 ",,,,,,,,,,,
,,,1991," 431,480 ","+107,831    ",+33.32          ," 229,516 "," 201,964 ",,,,,,,,,,,
,,,2001," 559,495 ","+128,015    ",+29.67          ," 295,297 "," 264,198 ",,,,,,,,,,,
,,,2011," 687,861 ","+128,366    ",+22.94          ," 361,784 "," 326,077 ",,,,,,,,,,,
,,,,,,,,,,,,,,,,,,,
23,419,Morena,1901," 390,014 ",-,-, NA , NA ,,,,,,,,,,,
,,,1911," 384,516 ","-5,498 ",-1.41 ," 208,296 "," 176,220 ",,,,,,,,,,,
,,,1921," 351,358 ","-33,158 ",-8.62 ," 192,887 "," 158,471 ",,,,,,,,,,,
,,,1931," 385,721 ","+34,363    ",+9.78          ," 211,388 "," 174,333 ",,,,,,,,,,,
,,,1941," 437,478 ","+51,757    ",+13.42          ," 238,811 "," 198,667 ",,,,,,,,,,,
,,,1951," 482,474 ","+44,996    ",+10.29          ," 263,408 "," 219,066 ",,,,,,,,,,,
,,,1961," 590,404 ","+107,930    ",+22.37          ," 322,394 "," 268,010 ",,,,,,,,,,,
,,,1971," 742,350 ","+151,946    ",+25.74          ," 407,515 "," 334,835 ",,,,,,,,,,,
,,,1981," 979,564 ","+237,214    ",+31.95          ," 539,240 "," 440,324 ",,,,,,,,,,,
,,,1991," 1,279,094 ","+299,530    ",+30.58          ," 707,477 "," 571,617 ",,,,,,,,,,,
,,,2001," 1,592,714 ","+313,620    ",+24.52          ," 874,089 "," 718,625 ",,,,,,,,,,,
,,,2011," 1,965,970 ","+373,256    ",+23.44          ," 1,068,417 "," 897,553 ",,,,,,,,,,,
,,,,,,,,,,,,,,,,,,,
23,420,Bhind,1901," 432,296 ",-,-, NA , NA ,,,,,,,,,,,
,,,1911," 412,684 ","-19,612 ",-4.54 ," 223,004 "," 189,680 ",,,,,,,,,,,
,,,1921," 393,849 ","-18,835 ",-4.56 ," 214,576 "," 179,273 ",,,,,,,,,,,
,,,1931," 430,376 ","+36,527    ",+9.27          ," 234,495 "," 195,881 ",,,,,,,,,,,
,,,1941," 494,059 ","+63,683    ",+14.80          ," 268,607 "," 225,452 ",,,,,,,,,,,
,,,1951," 527,978 ","+33,919    ",+6.87          ," 286,499 "," 241,479 ",,,,,,,,,,,
,,,1961," 641,169 ","+113,191    ",+21.44          ," 346,797 "," 294,372 ",,,,,,,,,,,
,,,1971," 793,955 ","+152,786    ",+23.83          ," 432,835 "," 361,120 ",,,,,,,,,,,
,,,1981," 973,816 ","+179,861    ",+22.65          ," 532,969 "," 440,847 ",,,,,,,,,,,
,,,1991," 1,219,000 ","+245,184    ",+25.18          ," 671,347 "," 547,653 ",,,,,,,,,,,
,,,2001," 1,428,559 ","+209,559    ",+17.19          ," 780,902 "," 647,657 ",,,,,,,,,,,
,,,2011," 1,703,005 ","+274,446    ",+19.21          ," 926,843 "," 776,162 ",,,,,,,,,,,
,,,,,,,,,,,,,,,,,,,
23,421,Gwalior,1901," 355,196 ",-,-, NA , NA ,,,,,,,,,,,
,,,1911," 289,568 ","-65,628 ",-18.48 ," 154,470 "," 135,098 ",,,,,,,,,,,
,,,1921," 301,397 ","+11,829    ",+4.09          ," 164,428 "," 136,969 ",,,,,,,,,,,
,,,1931," 335,821 ","+34,424    ",+11.42          ," 181,962 "," 153,859 ",,,,,,,,,,,
,,,1941," 405,832 ","+70,011    ",+20.85          ," 217,879 "," 187,953 ",,,,,,,,,,,
,,,1951," 478,335 ","+72,503    ",+17.87          ," 253,697 "," 224,638 ",,,,,,,,,,,
,,,1961," 594,362 ","+116,027    ",+24.26          ," 320,722 "," 273,640 ",,,,,,,,,,,
,,,1971," 775,724 ","+181,362    ",+30.51          ," 423,037 "," 352,687 ",,,,,,,,,,,
,,,1981," 1,010,801 ","+235,077    ",+30.30          ," 548,297 "," 462,504 ",,,,,,,,,,,
,,,1991," 1,293,567 ","+282,766    ",+27.97          ," 706,337 "," 587,230 ",,,,,,,,,,,
,,,2001," 1,632,109 ","+338,542    ",+26.17          ," 883,317 "," 748,792 ",,,,,,,,,,,
,,,2011," 2,032,036 ","+399,927    ",+24.50          ," 1,090,327 "," 941,709 ",,,,,,,,,,,
,,,,,,,,,,,,,,,,,,,
23,422,Datia,1901," 210,237 ",-,-, NA , NA ,,,,,,,,,,,
,,,1911," 186,545 ","-23,692 ",-11.27 ," 97,260 "," 89,285 ",,,,,,,,,,,
,,,1921," 181,211 ","-5,334 ",-2.86 ," 95,093 "," 86,118 ",,,,,,,,,,,
,,,1931," 195,383 ","+14,172    ",+7.82          ," 103,164 "," 92,219 ",,,,,,,,,,,
,,,1941," 220,175 ","+24,792    ",+12.69          ," 116,047 "," 104,128 ",,,,,,,,,,,
,,,1951," 229,506 ","+9,331    ",+4.24          ," 120,212 "," 109,294 ",,,,,,,,,,,
,,,1961," 278,957 ","+49,451    ",+21.55          ," 146,740 "," 132,217 ",,,,,,,,,,,
,,,1971," 355,166 ","+76,209    ",+27.32          ," 188,854 "," 166,312 ",,,,,,,,,,,
,,,1981," 431,791 ","+76,625    ",+21.57          ," 233,007 "," 198,784 ",,,,,,,,,,,
,,,1991," 544,547 ","+112,756    ",+26.11          ," 295,038 "," 249,509 ",,,,,,,,,,,
,,,2001," 664,159 ","+119,612    ",+21.97          ," 357,897 "," 306,262 ",,,,,,,,,,,
,,,2011," 786,754 ","+122,595    ",+18.46          ," 420,157 "," 366,597 ",,,,,,,,,,,
,,,,,,,,,,,,,,,,,,,
23,423,Shivpuri,1901," 370,430 ",-,-, NA , NA ,,,,,,,,,,,
,,,1911," 415,279 ","+44,849    ",+12.11          ," 217,197 "," 198,082 ",,,,,,,,,,,
,,,1921," 376,315 ","-38,964 ",-9.38 ," 198,860 "," 177,455 ",,,,,,,,,,,
,,,1931," 402,032 ","+25,717    ",+6.83          ," 211,748 "," 190,284 ",,,,,,,,,,,
,,,1941," 446,215 ","+44,183    ",+10.99          ," 234,427 "," 211,788 ",,,,,,,,,,,
,,,1951," 462,864 ","+16,649    ",+3.73          ," 242,373 "," 220,491 ",,,,,,,,,,,
,,,1961," 542,978 ","+80,114    ",+17.31          ," 287,534 "," 255,444 ",,,,,,,,,,,
,,,1971," 658,949 ","+115,971    ",+21.36          ," 353,501 "," 305,448 ",,,,,,,,,,,
,,,1981," 843,110 ","+184,161    ",+27.95          ," 454,481 "," 388,629 ",,,,,,,,,,,
,,,1991," 1,103,790 ","+260,680    ",+30.92          ," 596,824 "," 506,966 ",,,,,,,,,,,
,,,2001," 1,406,031 ","+302,241    ",+27.38          ," 756,525 "," 649,506 ",,,,,,,,,,,
,,,2011," 1,726,050 ","+320,019    ",+22.76          ," 919,795 "," 806,255 ",,,,,,,,,,,
,,,,,,,,,,,,,,,,,,,
23,424,Tikamgarh,1901," 326,139 ",-,-," 168,043 "," 158,096 ",,,,,,,,,,,
,,,1911," 334,609 ","+8,470    ",+2.60          ," 170,972 "," 163,637 ",,,,,,,,,,,
,,,1921," 288,901 ","-45,708 ",-13.66 ," 149,513 "," 139,388 ",,,,,,,,,,,
,,,1931," 317,059 ","+28,158    ",+9.75          ," 164,587 "," 152,472 ",,,,,,,,,,,
,,,1941," 354,992 ","+37,933    ",+11.96          ," 184,791 "," 170,201 ",,,,,,,,,,,
,,,1951," 366,165 ","+11,173    ",+3.15          ," 191,610 "," 174,555 ",,,,,,,,,,,
,,,1961," 455,662 ","+89,497    ",+24.44          ," 239,035 "," 216,627 ",,,,,,,,,,,
,,,1971," 568,885 ","+113,223    ",+24.85          ," 303,006 "," 265,879 ",,,,,,,,,,,
,,,1981," 736,981 ","+168,096    ",+29.55          ," 391,471 "," 345,510 ",,,,,,,,,,,
,,,1991," 940,829 ","+203,848    ",+27.66          ," 502,822 "," 438,007 ",,,,,,,,,,,
,,,2001," 1,202,998 ","+262,169    ",+27.87          ," 637,913 "," 565,085 ",,,,,,,,,,,
,,,2011," 1,445,166 ","+242,168    ",+20.13          ," 760,355 "," 684,811 ",,,,,,,,,,,
,,,,,,,,,,,,,,,,,,,
23,425,Chhatarpur,1901," 441,124 ",-,-," 226,984 "," 214,140 ",,,,,,,,,,,
,,,1911," 476,507 ","+35,383    ",+8.02          ," 245,213 "," 231,294 ",,,,,,,,,,,
,,,1921," 437,318 ","-39,189 ",-8.22 ," 227,376 "," 209,942 ",,,,,,,,,,,
,,,1931," 434,014 ","-3,304 ",-0.76 ," 226,072 "," 207,942 ",,,,,,,,,,,
,,,1941," 464,041 ","+30,027    ",+6.92          ," 242,769 "," 221,272 ",,,,,,,,,,,
,,,1951," 481,140 ","+17,099    ",+3.68          ," 254,163 "," 226,977 ",,,,,,,,,,,
,,,1961," 587,373 ","+106,233    ",+22.08          ," 310,653 "," 276,720 ",,,,,,,,,,,
,,,1971," 712,385 ","+125,012    ",+21.28          ," 382,243 "," 330,142 ",,,,,,,,,,,
,,,1981," 886,660 ","+174,275    ",+24.46          ," 475,662 "," 410,998 ",,,,,,,,,,,
,,,1991," 1,158,076 ","+271,416    ",+30.61          ," 623,878 "," 534,198 ",,,,,,,,,,,
,,,2001," 1,474,723 ","+316,647    ",+27.34          ," 788,933 "," 685,790 ",,,,,,,,,,,
,,,2011," 1,762,375 ","+287,652    ",+19.51          ," 936,121 "," 826,254 ",,,,,,,,,,,
,,,,,,,,,,,,,,,,,,,
23,426,Panna,1901," 165,440 ",-,-," 83,133 "," 82,307 ",,,,,,,,,,,
,,,1911," 207,021 ","+41,581    ",+25.13          ," 104,855 "," 102,166 ",,,,,,,,,,,
,,,1921," 202,725 ","-4,296 ",-2.08 ," 103,111 "," 99,614 ",,,,,,,,,,,
,,,1931," 215,137 ","+12,412    ",+6.12          ," 109,316 "," 105,821 ",,,,,,,,,,,
,,,1941," 249,226 ","+34,089    ",+15.85          ," 126,816 "," 122,410 ",,,,,,,,,,,
,,,1951," 259,659 ","+10,433    ",+4.19          ," 133,776 "," 125,883 ",,,,,,,,,,,
,,,1961," 331,257 ","+71,598    ",+27.57          ," 170,942 "," 160,315 ",,,,,,,,,,,
,,,1971," 429,077 ","+97,820    ",+29.53          ," 223,163 "," 205,914 ",,,,,,,,,,,
,,,1981," 539,978 ","+110,901    ",+25.85          ," 282,242 "," 257,736 ",,,,,,,,,,,
,,,1991," 687,945 ","+147,967    ",+27.40          ," 362,727 "," 325,218 ",,,,,,,,,,,
,,,2001," 856,558 ","+168,613    ",+24.51          ," 450,549 "," 406,009 ",,,,,,,,,,,
,,,2011," 1,016,520 ","+159,962    ",+18.67          ," 533,480 "," 483,040 ",,,,,,,,,,,
,,,,,,,,,,,,,,,,,,,
,,,,,,,,,,,,,,,,,,,
23,427,Sagar,1901," 469,686 ",-,-," 238,076 "," 231,610 ",,,,,,,,,,,
,,,1911," 541,256 ","+71,570    ",+15.24          ," 276,155 "," 265,101 ",,,,,,,,,,,
,,,1921," 528,384 ","-12,872 ",-2.38 ," 272,292 "," 256,092 ",,,,,,,,,,,
,,,1931," 544,928 ","+16,544    ",+3.13          ," 280,553 "," 264,375 ",,,,,,,,,,,
,,,1941," 597,049 ","+52,121    ",+9.56          ," 301,735 "," 295,314 ",,,,,,,,,,,
,,,1951," 636,191 ","+39,142    ",+6.56          ," 329,003 "," 307,188 ",,,,,,,,,,,
,,,1961," 796,547 ","+160,356    ",+25.21          ," 414,834 "," 381,713 ",,,,,,,,,,,
,,,1971," 1,062,291 ","+265,744    ",+33.36          ," 561,318 "," 500,973 ",,,,,,,,,,,
,,,1981," 1,323,132 ","+260,841    ",+24.55          ," 699,570 "," 623,562 ",,,,,,,,,,,
,,,1991," 1,647,736 ","+324,604    ",+24.53          ," 876,079 "," 771,657 ",,,,,,,,,,,
,,,2001," 2,021,987 ","+374,251    ",+22.71          ," 1,073,205 "," 948,782 ",,,,,,,,,,,
,,,2011," 2,378,458 ","+356,471    ",+17.63          ," 1,256,257 "," 1,122,201 ",,,,,,,,,,,
,,,,,,,,,,,,,,,,,,,
23,428,Damoh,1901," 286,248 ",-,-," 143,953 "," 142,295 ",,,,,,,,,,,
,,,1911," 334,123 ","+47,875    ",+16.73          ," 168,604 "," 165,519 ",,,,,,,,,,,
,,,1921," 288,054 ","-46,069 ",-13.79 ," 147,390 "," 140,664 ",,,,,,,,,,,
,,,1931," 306,556 ","+18,502    ",+6.42          ," 155,293 "," 151,263 ",,,,,,,,,,,
,,,1941," 343,211 ","+36,655    ",+11.96          ," 173,261 "," 169,950 ",,,,,,,,,,,
,,,1951," 357,463 ","+14,252    ",+4.15          ," 180,581 "," 176,882 ",,,,,,,,,,,
,,,1961," 438,343 ","+80,880    ",+22.63          ," 223,067 "," 215,276 ",,,,,,,,,,,
,,,1971," 573,263 ","+134,920    ",+30.78          ," 295,325 "," 277,938 ",,,,,,,,,,,
,,,1981," 721,453 ","+148,190    ",+25.85          ," 374,684 "," 346,769 ",,,,,,,,,,,
,,,1991," 898,125 ","+176,672    ",+24.49          ," 471,384 "," 426,741 ",,,,,,,,,,,
,,,2001," 1,083,949 ","+185,824    ",+20.69          ," 570,229 "," 513,720 ",,,,,,,,,,,
,,,2011," 1,264,219 ","+180,270    ",+16.63          ," 661,873 "," 602,346 ",,,,,,,,,,,
,,,,,,,,,,,,,,,,,,,
23,429,Satna,1901," 415,607 ",-,-," 203,659 "," 211,948 ",,,,,,,,,,,
,,,1911," 487,703 ","+72,096    ",+17.35          ," 239,757 "," 247,946 ",,,,,,,,,,,
,,,1921," 423,774 ","-63,929 ",-13.11 ," 210,216 "," 213,558 ",,,,,,,,,,,
,,,1931," 458,828 ","+35,054    ",+8.27          ," 228,684 "," 230,144 ",,,,,,,,,,,
,,,1941," 529,553 ","+70,725    ",+15.41          ," 266,607 "," 262,946 ",,,,,,,,,,,
,,,1951," 554,529 ","+24,976    ",+4.72          ," 280,630 "," 273,899 ",,,,,,,,,,,
,,,1961," 694,370 ","+139,841    ",+25.22          ," 353,430 "," 340,940 ",,,,,,,,,,,
,,,1971," 913,531 ","+219,161    ",+31.56          ," 468,503 "," 445,028 ",,,,,,,,,,,
,,,1981," 1,153,387 ","+239,856    ",+26.26          ," 595,753 "," 557,634 ",,,,,,,,,,,
,,,1991," 1,465,384 ","+311,997    ",+27.05          ," 763,983 "," 701,401 ",,,,,,,,,,,
,,,2001," 1,870,104 ","+404,720    ",+27.62          ," 971,396 "," 898,708 ",,,,,,,,,,,
,,,2011," 2,228,935 ","+358,831    ",+19.19          ," 1,157,495 "," 1,071,440 ",,,,,,,,,,,
,,,,,,,,,,,,,,,,,,,
23,430,Rewa,1901," 464,916 ",-,-," 230,876 "," 234,040 ",,,,,,,,,,,
,,,1911," 496,116 ","+31,200    ",+6.71          ," 246,607 "," 249,509 ",,,,,,,,,,,
,,,1921," 480,318 ","-15,798 ",-3.18 ," 238,743 "," 241,575 ",,,,,,,,,,,
,,,1931," 512,530 ","+32,212    ",+6.71          ," 257,332 "," 255,198 ",,,,,,,,,,,
,,,1941," 586,544 ","+74,014    ",+14.44          ," 293,862 "," 292,682 ",,,,,,,,,,,
,,,1951," 633,824 ","+47,280    ",+8.06          ," 320,251 "," 313,573 ",,,,,,,,,,,
,,,1961," 772,602 ","+138,778    ",+21.90          ," 388,887 "," 383,715 ",,,,,,,,,,,
,,,1971," 977,894 ","+205,292    ",+26.57          ," 495,699 "," 482,195 ",,,,,,,,,,,
,,,1981," 1,207,583 ","+229,689    ",+23.49          ," 613,226 "," 594,357 ",,,,,,,,,,,
,,,1991," 1,554,987 ","+347,404    ",+28.77          ," 805,000 "," 749,987 ",,,,,,,,,,,
,,,2001," 1,973,306 ","+418,319    ",+26.90          ," 1,016,687 "," 956,619 ",,,,,,,,,,,
,,,2011," 2,365,106 ","+391,800    ",+19.86          ," 1,225,100 "," 1,140,006 ",,,,,,,,,,,
,,,,,,,,,,,,,,,,,,,
23,431,Umaria,1901," 94,216 ",-,-," 47,075 "," 47,141 ",,,,,,,,,,,
,,,1911," 107,749 ","+13,533    ",+14.36          ," 53,441 "," 54,308 ",,,,,,,,,,,
,,,1921," 100,086 ","-7,663 ",-7.11 ," 50,088 "," 49,998 ",,,,,,,,,,,
,,,1931," 120,599 ","+20,513    ",+20.50          ," 60,455 "," 60,144 ",,,,,,,,,,,
,,,1941," 137,759 ","+17,160    ",+14.23          ," 69,333 "," 68,426 ",,,,,,,,,,,
,,,1951," 150,720 ","+12,961    ",+9.41          ," 76,599 "," 74,121 ",,,,,,,,,,,
,,,1961," 201,898 ","+51,178    ",+33.96          ," 104,324 "," 97,574 ",,,,,,,,,,,
,,,1971," 242,341 ","+40,443    ",+20.03          ," 123,498 "," 118,843 ",,,,,,,,,,,
,,,1981," 319,231 ","+76,890    ",+31.73          ," 162,576 "," 156,655 ",,,,,,,,,,,
,,,1991," 420,815 ","+101,584    ",+31.82          ," 216,708 "," 204,107 ",,,,,,,,,,,
,,,2001," 515,963 ","+95,148    ",+22.61          ," 265,128 "," 250,835 ",,,,,,,,,,,
,,,2011," 644,758 ","+128,795    ",+24.96          ," 330,674 "," 314,084 ",,,,,,,,,,,
,,,,,,,,,,,,,,,,,,,
,,,,,,,,,,,,,,,,,,,
23,432,Neemuch,1901," 127,363 ",-,-," 65,701 "," 61,662 ",,,,,,,,,,,
,,,1911," 143,671 ","+16,308    ",+12.80          ," 73,782 "," 69,889 ",,,,,,,,,,,
,,,1921," 148,658 ","+4,987    ",+3.47          ," 76,316 "," 72,342 ",,,,,,,,,,,
,,,1931," 168,704 ","+20,046    ",+13.48          ," 86,878 "," 81,826 ",,,,,,,,,,,
,,,1941," 198,959 ","+30,255    ",+17.93          ," 102,392 "," 96,567 ",,,,,,,,,,,
,,,1951," 232,846 ","+33,887    ",+17.03          ," 118,402 "," 114,444 ",,,,,,,,,,,
,,,1961," 284,490 ","+51,644    ",+22.18          ," 147,875 "," 136,615 ",,,,,,,,,,,
,,,1971," 368,203 ","+83,713    ",+29.43          ," 191,760 "," 176,443 ",,,,,,,,,,,
,,,1981," 488,118 ","+119,915    ",+32.57          ," 251,655 "," 236,463 ",,,,,,,,,,,
,,,1991," 598,339 ","+110,221    ",+22.58          ," 307,916 "," 290,423 ",,,,,,,,,,,
,,,2001," 726,070 ","+127,731    ",+21.35          ," 372,419 "," 353,651 ",,,,,,,,,,,
,,,2011," 826,067 ","+99,997    ",+13.77          ," 422,653 "," 403,414 ",,,,,,,,,,,
,,,,,,,,,,,,,,,,,,,
23,433,Mandsaur,1901," 204,438 ",-,-," 105,461 "," 98,977 ",,,,,,,,,,,
,,,1911," 230,616 ","+26,178    ",+12.80          ," 118,432 "," 112,184 ",,,,,,,,,,,
,,,1921," 238,620 ","+8,004    ",+3.47          ," 122,500 "," 116,120 ",,,,,,,,,,,
,,,1931," 270,796 ","+32,176    ",+13.48          ," 139,453 "," 131,343 ",,,,,,,,,,,
,,,1941," 319,362 ","+48,566    ",+17.93          ," 164,356 "," 155,006 ",,,,,,,,,,,
,,,1951," 373,755 ","+54,393    ",+17.03          ," 192,683 "," 181,072 ",,,,,,,,,,,
,,,1961," 467,595 ","+93,840    ",+25.11          ," 242,856 "," 224,739 ",,,,,,,,,,,
,,,1971," 593,319 ","+125,724    ",+26.89          ," 308,204 "," 285,115 ",,,,,,,,,,,
,,,1981," 775,281 ","+181,962    ",+30.67          ," 399,356 "," 375,925 ",,,,,,,,,,,
,,,1991," 956,869 ","+181,588    ",+23.42          ," 491,565 "," 465,304 ",,,,,,,,,,,
,,,2001," 1,183,724 ","+226,855    ",+23.71          ," 605,119 "," 578,605 ",,,,,,,,,,,
,,,2011," 1,340,411 ","+156,687    ",+13.24          ," 682,851 "," 657,560 ",,,,,,,,,,,
,,,,,,,,,,,,,,,,,,,
23,434,Ratlam,1901," 238,624 ",-,-, NA , NA ,,,,,,,,,,,
,,,1911," 244,513 ","+5,889    ",+2.47          ," 124,685 "," 119,828 ",,,,,,,,,,,
,,,1921," 245,021 ",+508    ,+.21          ," 125,799 "," 119,222 ",,,,,,,,,,,
,,,1931," 290,437 ","+45,416    ",+18.54          ," 149,240 "," 141,197 ",,,,,,,,,,,
,,,1941," 335,147 ","+44,710    ",+15.39          ," 171,258 "," 163,889 ",,,,,,,,,,,
,,,1951," 381,719 ","+46,572    ",+13.90          ," 194,143 "," 187,576 ",,,,,,,,,,,
,,,1961," 483,521 ","+101,802    ",+26.67          ," 249,047 "," 234,474 ",,,,,,,,,,,
,,,1971," 626,534 ","+143,013    ",+29.58          ," 322,813 "," 303,721 ",,,,,,,,,,,
,,,1981," 782,729 ","+156,195    ",+24.93          ," 401,883 "," 380,846 ",,,,,,,,,,,
,,,1991," 971,888 ","+189,159    ",+24.17          ," 498,798 "," 473,090 ",,,,,,,,,,,
,,,2001," 1,215,393 ","+243,505    ",+25.05          ," 620,862 "," 594,531 ",,,,,,,,,,,
,,,2011," 1,455,069 ","+239,676    ",+19.72          ," 738,241 "," 716,828 ",,,,,,,,,,,
,,,,,,,,,,,,,,,,,,,
23,435,Ujjain,1901," 295,312 ",-,-, NA , NA ,,,,,,,,,,,
,,,1911," 340,132 ","+44,820    ",+15.18          ," 177,128 "," 163,004 ",,,,,,,,,,,
,,,1921," 337,554 ","-2,578 ",-0.76 ," 176,007 "," 161,547 ",,,,,,,,,,,
,,,1931," 396,894 ","+59,340    ",+17.58          ," 207,482 "," 189,412 ",,,,,,,,,,,
,,,1941," 454,370 ","+57,476    ",+14.48          ," 234,811 "," 219,559 ",,,,,,,,,,,
,,,1951," 543,325 ","+88,955    ",+19.58          ," 278,368 "," 264,957 ",,,,,,,,,,,
,,,1961," 661,720 ","+118,395    ",+21.79          ," 344,515 "," 317,205 ",,,,,,,,,,,
,,,1971," 862,516 ","+200,796    ",+30.34          ," 449,651 "," 412,865 ",,,,,,,,,,,
,,,1981," 1,117,002 ","+254,486    ",+29.51          ," 579,850 "," 537,152 ",,,,,,,,,,,
,,,1991," 1,383,086 ","+266,084    ",+23.82          ," 717,018 "," 666,068 ",,,,,,,,,,,
,,,2001," 1,710,982 ","+327,896    ",+23.71          ," 882,871 "," 828,111 ",,,,,,,,,,,
,,,2011," 1,986,864 ","+275,882    ",+16.12          ," 1,016,289 "," 970,575 ",,,,,,,,,,,
,,,,,,,,,,,,,,,,,,,
23,436,Shajapur,1901," 305,863 ",-,-, NA , NA ,,,,,,,,,,,
,,,1911," 333,977 ","+28,114    ",+9.19          ," 171,997 "," 161,980 ",,,,,,,,,,,
,,,1921," 327,959 ","-6,018 ",-1.80 ," 169,788 "," 158,171 ",,,,,,,,,,,
,,,1931," 362,714 ","+34,755    ",+10.60          ," 188,179 "," 174,535 ",,,,,,,,,,,
,,,1941," 408,279 ","+45,565    ",+12.56          ," 209,766 "," 198,513 ",,,,,,,,,,,
,,,1951," 433,216 ","+24,937    ",+6.11          ," 220,316 "," 212,900 ",,,,,,,,,,,
,,,1961," 526,135 ","+92,919    ",+21.45          ," 270,777 "," 255,358 ",,,,,,,,,,,
,,,1971," 678,359 ","+152,224    ",+28.93          ," 351,237 "," 327,122 ",,,,,,,,,,,
,,,1981," 840,247 ","+161,888    ",+23.86          ," 435,517 "," 404,730 ",,,,,,,,,,,
,,,1991," 1,033,248 ","+193,001    ",+22.97          ," 538,694 "," 494,554 ",,,,,,,,,,,
,,,2001," 1,290,685 ","+257,437    ",+24.92          ," 669,852 "," 620,833 ",,,,,,,,,,,
,,,2011," 1,512,681 ","+221,996    ",+17.20          ," 780,520 "," 732,161 ",,,,,,,,,,,
,,,,,,,,,,,,,,,,,,,
,,,,,,,,,,,,,,,,,,,
23,437,Dewas,1901," 228,938 ",-,-, NA , NA ,,,,,,,,,,,
,,,1911," 274,986 ","+46,048    ",+20.11          ," 138,492 "," 136,494 ",,,,,,,,,,,
,,,1921," 268,396 ","-6,590 ",-2.40 ," 138,282 "," 130,114 ",,,,,,,,,,,
,,,1931," 306,975 ","+38,579    ",+14.37          ," 157,756 "," 149,219 ",,,,,,,,,,,
,,,1941," 326,221 ","+19,246    ",+6.27          ," 167,581 "," 158,640 ",,,,,,,,,,,
,,,1951," 345,306 ","+19,085    ",+5.85          ," 176,143 "," 169,163 ",,,,,,,,,,,
,,,1961," 446,901 ","+101,595    ",+29.42          ," 230,761 "," 216,140 ",,,,,,,,,,,
,,,1971," 594,336 ","+147,435    ",+32.99          ," 308,094 "," 286,242 ",,,,,,,,,,,
,,,1981," 795,309 ","+200,973    ",+33.81          ," 412,302 "," 383,007 ",,,,,,,,,,,
,,,1991," 1,033,807 ","+238,498    ",+29.99          ," 537,426 "," 496,381 ",,,,,,,,,,,
,,,2001," 1,308,223 ","+274,416    ",+26.54          ," 677,866 "," 630,357 ",,,,,,,,,,,
,,,2011," 1,563,715 ","+255,492    ",+19.53          ," 805,359 "," 758,356 ",,,,,,,,,,,
,,,,,,,,,,,,,,,,,,,
23,438,Dhar,1901," 293,103 ",-,-, NA , NA ,,,,,,,,,,,
,,,1911," 343,256 ","+50,153    ",+17.11          ," 171,259 "," 171,997 ",,,,,,,,,,,
,,,1921," 393,577 ","+50,321    ",+14.66          ," 198,087 "," 195,490 ",,,,,,,,,,,
,,,1931," 432,482 ","+38,905    ",+9.88          ," 218,487 "," 213,995 ",,,,,,,,,,,
,,,1941," 473,721 ","+41,239    ",+9.54          ," 240,286 "," 233,435 ",,,,,,,,,,,
,,,1951," 503,965 ","+30,244    ",+6.38          ," 256,790 "," 247,175 ",,,,,,,,,,,
,,,1961," 643,774 ","+139,809    ",+27.74          ," 328,177 "," 315,597 ",,,,,,,,,,,
,,,1971," 842,400 ","+198,626    ",+30.85          ," 429,299 "," 413,101 ",,,,,,,,,,,
,,,1981," 1,057,469 ","+215,069    ",+25.53          ," 537,783 "," 519,686 ",,,,,,,,,,,
,,,1991," 1,367,412 ","+309,943    ",+29.31          ," 700,952 "," 666,460 ",,,,,,,,,,,
,,,2001," 1,740,329 ","+372,917    ",+27.27          ," 890,416 "," 849,913 ",,,,,,,,,,,
,,,2011," 2,185,793 ","+445,464    ",+25.60          ," 1,112,725 "," 1,073,068 ",,,,,,,,,,,
,,,,,,,,,,,,,,,,,,,
23,439,Indore,1901," 302,057 ",-,-, NA , NA ,,,,,,,,,,,
,,,1911," 272,396 ","-29,661 ",-9.82 ," 144,056 "," 128,340 ",,,,,,,,,,,
,,,1921," 338,992 ","+66,596    ",+24.45          ," 183,483 "," 155,509 ",,,,,,,,,,,
,,,1931," 380,889 ","+41,897    ",+12.36          ," 207,217 "," 173,672 ",,,,,,,,,,,
,,,1941," 454,541 ","+73,652    ",+19.34          ," 244,214 "," 210,327 ",,,,,,,,,,,
,,,1951," 601,035 ","+146,494    ",+32.23          ," 316,277 "," 284,758 ",,,,,,,,,,,
,,,1961," 753,594 ","+152,559    ",+25.38          ," 400,470 "," 353,124 ",,,,,,,,,,,
,,,1971," 1,025,150 ","+271,556    ",+36.03          ," 545,413 "," 479,737 ",,,,,,,,,,,
,,,1981," 1,409,473 ","+384,323    ",+37.49          ," 742,459 "," 667,014 ",,,,,,,,,,,
,,,1991," 1,835,915 ","+426,442    ",+30.26          ," 963,311 "," 872,604 ",,,,,,,,,,,
,,,2001," 2,465,827 ","+629,912    ",+34.31          ," 1,289,352 "," 1,176,475 ",,,,,,,,,,,
,,,2011," 3,276,697 ","+810,870    ",+32.88          ," 1,699,627 "," 1,577,070 ",,,,,,,,,,,
,,,,,,,,,,,,,,,,,,,
23,440,Khargone (West Nimar),1901," 189,621 ",-,-, NA , NA ,,,,,,,,,,,
,,,1911," 258,895 ","+69,274    ",+36.53          ," 131,826 "," 127,069 ",,,,,,,,,,,
,,,1921," 284,976 ","+26,081    ",+10.07          ," 145,558 "," 139,418 ",,,,,,,,,,,
,,,1931," 336,866 ","+51,890    ",+18.21          ," 172,414 "," 164,452 ",,,,,,,,,,,
,,,1941," 387,542 ","+50,676    ",+15.04          ," 196,946 "," 190,596 ",,,,,,,,,,,
,,,1951," 431,704 ","+44,162    ",+11.40          ," 219,273 "," 212,431 ",,,,,,,,,,,
,,,1961," 583,139 ","+151,435    ",+35.08          ," 298,905 "," 284,234 ",,,,,,,,,,,
,,,1971," 767,344 ","+184,205    ",+31.59          ," 395,749 "," 371,595 ",,,,,,,,,,,
,,,1981," 969,735 ","+202,391    ",+26.38          ," 498,748 "," 470,987 ",,,,,,,,,,,
,,,1991," 1,192,520 ","+222,785    ",+22.97          ," 614,485 "," 578,035 ",,,,,,,,,,,
,,,2001," 1,524,637 ","+332,117    ",+27.85          ," 782,089 "," 742,548 ",,,,,,,,,,,
,,,2011," 1,873,046 ","+348,409    ",+22.85          ," 953,121 "," 919,925 ",,,,,,,,,,,
,,,,,,,,,,,,,,,,,,,
23,441,Barwani,1901," 143,627 ",-,-, NA , NA ,,,,,,,,,,,
,,,1911," 196,098 ","+52,471    ",+36.53          ," 99,850 "," 96,248 ",,,,,,,,,,,
,,,1921," 215,853 ","+19,755    ",+10.07          ," 110,253 "," 105,600 ",,,,,,,,,,,
,,,1931," 255,157 ","+39,304    ",+18.21          ," 130,594 "," 124,563 ",,,,,,,,,,,
,,,1941," 293,541 ","+38,384    ",+15.04          ," 149,175 "," 144,366 ",,,,,,,,,,,
,,,1951," 326,990 ","+33,449    ",+11.40          ," 165,660 "," 161,330 ",,,,,,,,,,,
,,,1961," 407,325 ","+80,335    ",+24.57          ," 207,014 "," 200,311 ",,,,,,,,,,,
,,,1971," 517,468 ","+110,143    ",+27.04          ," 263,092 "," 254,376 ",,,,,,,,,,,
,,,1981," 661,208 ","+143,740    ",+27.78          ," 335,898 "," 325,310 ",,,,,,,,,,,
,,,1991," 835,625 ","+174,417    ",+26.38          ," 425,485 "," 410,140 ",,,,,,,,,,,
,,,2001," 1,086,366 ","+250,741    ",+30.01          ," 551,124 "," 535,242 ",,,,,,,,,,,
,,,2011," 1,385,881 ","+299,515    ",+27.57          ," 699,340 "," 686,541 ",,,,,,,,,,,
,,,,,,,,,,,,,,,,,,,
,,,,,,,,,,,,,,,,,,,
23,442,Rajgarh,1901," 274,676 ",-,-, NA , NA ,,,,,,,,,,,
,,,1911," 347,311 ","+72,635    ",+26.44          ," 180,133 "," 167,178 ",,,,,,,,,,,
,,,1921," 325,082 ","-22,229 ",-6.40 ," 170,530 "," 154,552 ",,,,,,,,,,,
,,,1931," 366,303 ","+41,221    ",+12.68          ," 192,211 "," 174,092 ",,,,,,,,,,,
,,,1941," 401,933 ","+35,630    ",+9.73          ," 210,218 "," 191,715 ",,,,,,,,,,,
,,,1951," 427,523 ","+25,590    ",+6.37          ," 222,228 "," 205,295 ",,,,,,,,,,,
,,,1961," 516,871 ","+89,348    ",+20.90          ," 269,666 "," 247,205 ",,,,,,,,,,,
,,,1971," 644,346 ","+127,475    ",+24.66          ," 337,810 "," 306,536 ",,,,,,,,,,,
,,,1981," 801,384 ","+157,038    ",+24.37          ," 414,938 "," 386,446 ",,,,,,,,,,,
,,,1991," 992,764 ","+191,380    ",+23.88          ," 516,152 "," 476,612 ",,,,,,,,,,,
,,,2001," 1,254,085 ","+261,321    ",+26.32          ," 649,106 "," 604,979 ",,,,,,,,,,,
,,,2011," 1,545,814 ","+291,729    ",+23.26          ," 790,212 "," 755,602 ",,,,,,,,,,,
,,,,,,,,,,,,,,,,,,,
23,443,Vidisha,1901," 227,998 ",-,-," 117,573 "," 110,425 ",,,,,,,,,,,
,,,1911," 296,966 ","+68,968    ",+30.25          ," 153,055 "," 143,911 ",,,,,,,,,,,
,,,1921," 348,047 ","+51,081    ",+17.20          ," 182,421 "," 165,626 ",,,,,,,,,,,
,,,1931," 345,818 ","-2,229 ",-0.64 ," 180,427 "," 165,391 ",,,,,,,,,,,
,,,1941," 383,347 ","+37,529    ",+10.85          ," 201,231 "," 182,116 ",,,,,,,,,,,
,,,1951," 386,075 ","+2,728    ",+.71          ," 201,567 "," 184,508 ",,,,,,,,,,,
,,,1961," 489,213 ","+103,138    ",+26.71          ," 258,840 "," 230,373 ",,,,,,,,,,,
,,,1971," 658,427 ","+169,214    ",+34.59          ," 349,767 "," 308,660 ",,,,,,,,,,,
,,,1981," 783,098 ","+124,671    ",+18.93          ," 416,356 "," 366,742 ",,,,,,,,,,,
,,,1991," 970,388 ","+187,290    ",+23.92          ," 517,858 "," 452,530 ",,,,,,,,,,,
,,,2001," 1,214,857 ","+244,469    ",+25.19          ," 647,838 "," 567,019 ",,,,,,,,,,,
,,,2011," 1,458,875 ","+244,018    ",+20.09          ," 769,568 "," 689,307 ",,,,,,,,,,,
,,,,,,,,,,,,,,,,,,,
23,444,Bhopal,1901," 143,958 ",-,-, NA , NA ,,,,,,,,,,,
,,,1911," 156,354 ","+12,396    ",+8.61          ," 80,720 "," 75,634 ",,,,,,,,,,,
,,,1921," 140,300 ","-16,054 ",-10.27 ," 73,713 "," 66,587 ",,,,,,,,,,,
,,,1931," 163,747 ","+23,447    ",+16.71          ," 86,318 "," 77,429 ",,,,,,,,,,,
,,,1941," 188,608 ","+24,861    ",+15.18          ," 100,263 "," 88,345 ",,,,,,,,,,,
,,,1951," 235,665 ","+47,057    ",+24.95          ," 124,339 "," 111,326 ",,,,,,,,,,,
,,,1961," 371,715 ","+136,050    ",+57.73          ," 204,693 "," 167,022 ",,,,,,,,,,,
,,,1971," 572,169 ","+200,454    ",+53.93          ," 311,046 "," 261,123 ",,,,,,,,,,,
,,,1981," 894,739 ","+322,570    ",+56.38          ," 477,531 "," 417,208 ",,,,,,,,,,,
,,,1991," 1,351,479 ","+456,740    ",+51.05          ," 715,283 "," 636,196 ",,,,,,,,,,,
,,,2001," 1,843,510 ","+492,031    ",+36.41          ," 972,649 "," 870,861 ",,,,,,,,,,,
,,,2011," 2,371,061 ","+527,551    ",+28.62          ," 1,236,130 "," 1,134,931 ",,,,,,,,,,,
,,,,,,,,,,,,,,,,,,,
23,445,Sehore,1901," 234,308 ",-,-, NA , NA ,,,,,,,,,,,
,,,1911," 254,693 ","+20,385    ",+8.70          ," 129,843 "," 124,850 ",,,,,,,,,,,
,,,1921," 242,362 ","-12,331 ",-4.84 ," 125,698 "," 116,664 ",,,,,,,,,,,
,,,1931," 262,560 ","+20,198    ",+8.33          ," 136,112 "," 126,448 ",,,,,,,,,,,
,,,1941," 278,270 ","+15,710    ",+5.98          ," 145,033 "," 133,237 ",,,,,,,,,,,
,,,1951," 283,968 ","+5,698    ",+2.05          ," 147,769 "," 136,199 ",,,,,,,,,,,
,,,1961," 381,286 ","+97,318    ",+34.27          ," 199,255 "," 182,031 ",,,,,,,,,,,
,,,1971," 510,894 ","+129,608    ",+33.99          ," 268,140 "," 242,754 ",,,,,,,,,,,
,,,1981," 657,381 ","+146,487    ",+28.67          ," 344,667 "," 312,714 ",,,,,,,,,,,
,,,1991," 841,358 ","+183,977    ",+27.99          ," 443,332 "," 398,026 ",,,,,,,,,,,
,,,2001," 1,078,912 ","+237,554    ",+28.23          ," 565,137 "," 513,775 ",,,,,,,,,,,
,,,2011," 1,311,332 ","+232,420    ",+21.54          ," 683,743 "," 627,589 ",,,,,,,,,,,
,,,,,,,,,,,,,,,,,,,
23,446,Raisen,1901," 295,219 ",-,-, NA , NA ,,,,,,,,,,,
,,,1911," 320,640 ","+25,421    ",+8.61          ," 160,909 "," 159,731 ",,,,,,,,,,,
,,,1921," 301,575 ","-19,065 ",-5.95 ," 154,535 "," 147,040 ",,,,,,,,,,,
,,,1931," 296,365 ","-5,210 ",-1.73 ," 151,847 "," 144,518 ",,,,,,,,,,,
,,,1941," 310,369 ","+14,004    ",+4.73          ," 160,561 "," 149,808 ",,,,,,,,,,,
,,,1951," 315,358 ","+4,989    ",+1.61          ," 164,807 "," 150,551 ",,,,,,,,,,,
,,,1961," 411,426 ","+96,068    ",+30.46          ," 215,709 "," 195,717 ",,,,,,,,,,,
,,,1971," 553,026 ","+141,600    ",+34.42          ," 291,012 "," 262,014 ",,,,,,,,,,,
,,,1981," 710,542 ","+157,516    ",+28.48          ," 372,459 "," 338,083 ",,,,,,,,,,,
,,,1991," 876,461 ","+165,919    ",+23.35          ," 466,389 "," 410,072 ",,,,,,,,,,,
,,,2001," 1,125,154 ","+248,693    ",+28.37          ," 598,247 "," 526,907 ",,,,,,,,,,,
,,,2011," 1,331,597 ","+206,443    ",+18.35          ," 700,358 "," 631,239 ",,,,,,,,,,,
,,,,,,,,,,,,,,,,,,,
23,447,Betul,1901," 287,807 ",-,-," 141,113 "," 146,694 ",,,,,,,,,,,
,,,1911," 390,386 ","+102,579    ",+35.64          ," 194,163 "," 196,223 ",,,,,,,,,,,
,,,1921," 363,737 ","-26,649 ",-6.83 ," 179,591 "," 184,146 ",,,,,,,,,,,
,,,1931," 406,252 ","+42,515    ",+11.69          ," 201,114 "," 205,138 ",,,,,,,,,,,
,,,1941," 438,342 ","+32,090    ",+7.90          ," 218,801 "," 219,541 ",,,,,,,,,,,
,,,1951," 451,655 ","+13,313    ",+3.04          ," 226,175 "," 225,480 ",,,,,,,,,,,
,,,1961," 560,412 ","+108,757    ",+24.08          ," 281,055 "," 279,357 ",,,,,,,,,,,
,,,1971," 736,196 ","+175,784    ",+31.37          ," 371,489 "," 364,707 ",,,,,,,,,,,
,,,1981," 925,387 ","+189,191    ",+25.70          ," 469,007 "," 456,380 ",,,,,,,,,,,
,,,1991," 1,181,501 ","+256,114    ",+27.68          ," 600,935 "," 580,566 ",,,,,,,,,,,
,,,2001," 1,395,175 ","+213,674    ",+18.08          ," 709,956 "," 685,219 ",,,,,,,,,,,
,,,2011," 1,575,362 ","+180,187    ",+12.92          ," 799,236 "," 776,126 ",,,,,,,,,,,
,,,,,,,,,,,,,,,,,,,
23,448,Harda,1901," 132,349 ",-,-," 66,043 "," 66,306 ",,,,,,,,,,,
,,,1911," 135,977 ","+3,628    ",+2.74          ," 68,549 "," 67,428 ",,,,,,,,,,,
,,,1921," 132,067 ","-3,910 ",-2.88 ," 67,161 "," 64,906 ",,,,,,,,,,,
,,,1931," 144,560 ","+12,493    ",+9.46          ," 73,728 "," 70,832 ",,,,,,,,,,,
,,,1941," 144,806 ",+246    ,+.17          ," 73,534 "," 71,272 ",,,,,,,,,,,
,,,1951," 146,513 ","+1,707    ",+1.18          ," 74,884 "," 71,629 ",,,,,,,,,,,
,,,1961," 187,140 ","+40,627    ",+27.73          ," 95,726 "," 91,414 ",,,,,,,,,,,
,,,1971," 240,435 ","+53,295    ",+28.48          ," 124,007 "," 116,428 ",,,,,,,,,,,
,,,1981," 294,835 ","+54,400    ",+22.63          ," 152,779 "," 142,056 ",,,,,,,,,,,
,,,1991," 380,762 ","+85,927    ",+29.14          ," 198,908 "," 181,854 ",,,,,,,,,,,
,,,2001," 474,416 ","+93,654    ",+24.60          ," 247,226 "," 227,190 ",,,,,,,,,,,
,,,2011," 570,465 ","+96,049    ",+20.25          ," 294,838 "," 275,627 ",,,,,,,,,,,
,,,,,,,,,,,,,,,,,,,
23,449,Hoshangabad,1901," 328,593 ",-,-," 163,970 "," 164,623 ",,,,,,,,,,,
,,,1911," 337,601 ","+9,008    ",+2.74          ," 170,191 "," 167,410 ",,,,,,,,,,,
,,,1921," 327,892 ","-9,709 ",-2.88 ," 166,745 "," 161,147 ",,,,,,,,,,,
,,,1931," 358,908 ","+31,016    ",+9.46          ," 183,049 "," 175,859 ",,,,,,,,,,,
,,,1941," 359,521 ",+613    ,+.17          ," 182,570 "," 176,951 ",,,,,,,,,,,
,,,1951," 363,758 ","+4,237    ",+1.18          ," 185,958 "," 177,800 ",,,,,,,,,,,
,,,1961," 432,836 ","+69,078    ",+18.99          ," 224,871 "," 207,965 ",,,,,,,,,,,
,,,1971," 567,305 ","+134,469    ",+31.07          ," 298,227 "," 269,078 ",,,,,,,,,,,
,,,1981," 709,104 ","+141,799    ",+25.0          ," 373,494 "," 335,610 ",,,,,,,,,,,
,,,1991," 886,449 ","+177,345    ",+25.01          ," 468,505 "," 417,944 ",,,,,,,,,,,
,,,2001," 1,084,265 ","+197,816    ",+22.32          ," 571,774 "," 512,491 ",,,,,,,,,,,
,,,2011," 1,241,350 ","+157,085    ",+14.49          ," 648,725 "," 592,625 ",,,,,,,,,,,
,,,,,,,,,,,,,,,,,,,
23,450,Katni,1901," 249,049 ",-,-," 122,789 "," 126,260 ",,,,,,,,,,,
,,,1911," 272,920 ","+23,871    ",+9.58          ," 136,541 "," 136,379 ",,,,,,,,,,,
,,,1921," 272,832 ",-88 ,-0.03 ," 137,921 "," 134,911 ",,,,,,,,,,,
,,,1931," 283,025 ","+10,193    ",+3.74          ," 143,246 "," 139,779 ",,,,,,,,,,,
,,,1941," 333,078 ","+50,053    ",+17.69          ," 171,755 "," 161,323 ",,,,,,,,,,,
,,,1951," 383,027 ","+49,949    ",+15.0          ," 192,577 "," 190,450 ",,,,,,,,,,,
,,,1961," 452,246 ","+69,219    ",+18.07          ," 228,950 "," 223,296 ",,,,,,,,,,,
,,,1971," 566,145 ","+113,899    ",+25.19          ," 288,133 "," 278,012 ",,,,,,,,,,,
,,,1981," 714,508 ","+148,363    ",+26.21          ," 365,348 "," 349,160 ",,,,,,,,,,,
,,,1991," 881,925 ","+167,417    ",+23.43          ," 454,756 "," 427,169 ",,,,,,,,,,,
,,,2001," 1,064,167 ","+182,242    ",+20.66          ," 548,368 "," 515,799 ",,,,,,,,,,,
,,,2011," 1,292,042 ","+227,875    ",+21.41          ," 662,013 "," 630,029 ",,,,,,,,,,,
,,,,,,,,,,,,,,,,,,,
23,451,Jabalpur,1901," 430,810 ",-,-," 212,403 "," 218,407 ",,,,,,,,,,,
,,,1911," 472,102 ","+41,292    ",+9.58          ," 236,192 "," 235,910 ",,,,,,,,,,,
,,,1921," 471,951 ",-151 ,-0.03 ," 238,578 "," 233,373 ",,,,,,,,,,,
,,,1931," 489,583 ","+17,632    ",+3.74          ," 247,790 "," 241,793 ",,,,,,,,,,,
,,,1941," 576,167 ","+86,584    ",+17.69          ," 297,105 "," 279,062 ",,,,,,,,,,,
,,,1951," 662,569 ","+86,402    ",+15.0          ," 346,162 "," 316,407 ",,,,,,,,,,,
,,,1961," 821,579 ","+159,010    ",+24.0          ," 433,095 "," 388,484 ",,,,,,,,,,,
,,,1971," 1,119,885 ","+298,306    ",+36.31          ," 593,429 "," 526,456 ",,,,,,,,,,,
,,,1981," 1,484,235 ","+364,350    ",+32.53          ," 783,702 "," 700,533 ",,,,,,,,,,,
,,,1991," 1,768,037 ","+283,802    ",+19.12          ," 928,898 "," 839,139 ",,,,,,,,,,,
,,,2001," 2,151,203 ","+383,166    ",+21.67          ," 1,127,304 "," 1,023,899 ",,,,,,,,,,,
,,,2011," 2,463,289 ","+312,086    ",+14.51          ," 1,277,278 "," 1,186,011 ",,,,,,,,,,,
,,,,,,,,,,,,,,,,,,,
,,,,,,,,,,,,,,,,,,,
23,452,Narsimhapur,1901," 315,518 ",-,-," 154,694 "," 160,824 ",,,,,,,,,,,
,,,1911," 325,677 ","+10,159    ",+3.22          ," 161,795 "," 163,882 ",,,,,,,,,,,
,,,1921," 315,162 ","-10,515 ",-3.23 ," 158,345 "," 156,817 ",,,,,,,,,,,
,,,1931," 321,481 ","+6,319    ",+2.01          ," 161,417 "," 160,064 ",,,,,,,,,,,
,,,1941," 334,991 ","+13,510    ",+4.20          ," 169,862 "," 165,129 ",,,,,,,,,,,
,,,1951," 339,110 ","+4,119    ",+1.23          ," 172,264 "," 166,846 ",,,,,,,,,,,
,,,1961," 412,406 ","+73,296    ",+21.61          ," 211,238 "," 201,168 ",,,,,,,,,,,
,,,1971," 519,270 ","+106,864    ",+25.91          ," 269,678 "," 249,592 ",,,,,,,,,,,
,,,1981," 650,445 ","+131,175    ",+25.26          ," 336,981 "," 313,464 ",,,,,,,,,,,
,,,1991," 785,496 ","+135,051    ",+20.76          ," 410,693 "," 374,803 ",,,,,,,,,,,
,,,2001," 957,646 ","+172,150    ",+21.92          ," 501,645 "," 456,001 ",,,,,,,,,,,
,,,2011," 1,091,854 ","+134,208    ",+14.01          ," 568,810 "," 523,044 ",,,,,,,,,,,
,,,,,,,,,,,,,,,,,,,
23,453,Dindori,1901," 111,229 ",-,-," 54,867 "," 56,362 ",,,,,,,,,,,
,,,1911," 141,572 ","+30,343    ",+27.28          ," 70,176 "," 71,396 ",,,,,,,,,,,
,,,1921," 135,008 ","-6,564 ",-4.64 ," 67,106 "," 67,902 ",,,,,,,,,,,
,,,1931," 155,732 ","+20,724    ",+15.35          ," 77,334 "," 78,398 ",,,,,,,,,,,
,,,1941," 176,280 ","+20,548    ",+13.19          ," 87,755 "," 88,525 ",,,,,,,,,,,
,,,1951," 191,316 ","+15,036    ",+8.53          ," 94,576 "," 96,740 ",,,,,,,,,,,
,,,1961," 263,940 ","+72,624    ",+37.96          ," 131,044 "," 132,896 ",,,,,,,,,,,
,,,1971," 333,704 ","+69,764    ",+26.43          ," 166,969 "," 166,735 ",,,,,,,,,,,
,,,1981," 409,677 ","+75,973    ",+22.77          ," 204,963 "," 204,714 ",,,,,,,,,,,
,,,1991," 511,849 ","+102,172    ",+24.94          ," 257,850 "," 253,999 ",,,,,,,,,,,
,,,2001," 580,730 ","+68,881    ",+13.46          ," 291,716 "," 289,014 ",,,,,,,,,,,
,,,2011," 704,524 ","+123,794    ",+21.32          ," 351,913 "," 352,611 ",,,,,,,,,,,
,,,,,,,,,,,,,,,,,,,
23,454,Mandla,1901," 207,152 ",-,-," 102,183 "," 104,969 ",,,,,,,,,,,
,,,1911," 263,662 ","+56,510    ",+27.28          ," 130,696 "," 132,966 ",,,,,,,,,,,
,,,1921," 251,438 ","-12,224 ",-4.64 ," 124,977 "," 126,461 ",,,,,,,,,,,
,,,1931," 290,034 ","+38,596    ",+15.35          ," 144,025 "," 146,009 ",,,,,,,,,,,
,,,1941," 328,300 ","+38,266    ",+13.19          ," 163,433 "," 164,867 ",,,,,,,,,,,
,,,1951," 356,304 ","+28,004    ",+8.53          ," 174,546 "," 181,758 ",,,,,,,,,,,
,,,1961," 420,563 ","+64,259    ",+18.03          ," 210,250 "," 210,313 ",,,,,,,,,,,
,,,1971," 539,873 ","+119,310    ",+28.37          ," 270,753 "," 269,120 ",,,,,,,,,,,
,,,1981," 627,717 ","+87,844    ",+16.27          ," 312,903 "," 314,814 ",,,,,,,,,,,
,,,1991," 779,414 ","+151,697    ",+24.17          ," 391,594 "," 387,820 ",,,,,,,,,,,
,,,2001," 894,236 ","+114,822    ",+14.73          ," 447,956 "," 446,280 ",,,,,,,,,,,
,,,2011," 1,054,905 ","+160,669    ",+17.97          ," 525,272 "," 529,633 ",,,,,,,,,,,
,,,,,,,,,,,,,,,,,,,
23,455,Chhindwara,1901," 407,999 ",-,-," 199,399 "," 208,600 ",,,,,,,,,,,
,,,1911," 517,109 ","+109,110    ",+26.74          ," 255,962 "," 261,147 ",,,,,,,,,,,
,,,1921," 491,835 ","-25,274 ",-4.89 ," 242,748 "," 249,087 ",,,,,,,,,,,
,,,1931," 573,272 ","+81,437    ",+16.56          ," 285,007 "," 288,265 ",,,,,,,,,,,
,,,1941," 610,707 ","+37,435    ",+6.53          ," 305,797 "," 304,910 ",,,,,,,,,,,
,,,1951," 646,430 ","+35,723    ",+5.85          ," 323,956 "," 322,474 ",,,,,,,,,,,
,,,1961," 785,535 ","+139,105    ",+21.52          ," 396,672 "," 388,863 ",,,,,,,,,,,
,,,1971," 989,413 ","+203,878    ",+25.95          ," 502,816 "," 486,597 ",,,,,,,,,,,
,,,1981," 1,233,131 ","+243,718    ",+24.63          ," 627,538 "," 605,593 ",,,,,,,,,,,
,,,1991," 1,568,702 ","+335,571    ",+27.21          ," 803,386 "," 765,316 ",,,,,,,,,,,
,,,2001," 1,849,283 ","+280,581    ",+17.89          ," 947,337 "," 901,946 ",,,,,,,,,,,
,,,2011," 2,090,922 ","+241,639    ",+13.07          ," 1,064,468 "," 1,026,454 ",,,,,,,,,,,
,,,,,,,,,,,,,,,,,,,
23,456,Seoni,1901," 328,281 ",-,-," 158,694 "," 169,587 ",,,,,,,,,,,
,,,1911," 396,165 ","+67,884    ",+20.68          ," 192,980 "," 203,185 ",,,,,,,,,,,
,,,1921," 348,871 ","-47,294 ",-11.94 ," 170,631 "," 178,240 ",,,,,,,,,,,
,,,1931," 393,732 ","+44,861    ",+12.86          ," 192,471 "," 201,261 ",,,,,,,,,,,
,,,1941," 423,333 ","+29,601    ",+7.52          ," 208,445 "," 214,888 ",,,,,,,,,,,
,,,1951," 434,061 ","+10,728    ",+2.53          ," 215,454 "," 218,607 ",,,,,,,,,,,
,,,1961," 523,741 ","+89,680    ",+20.66          ," 261,060 "," 262,681 ",,,,,,,,,,,
,,,1971," 668,352 ","+144,611    ",+27.61          ," 336,465 "," 331,887 ",,,,,,,,,,,
,,,1981," 809,713 ","+141,361    ",+21.15          ," 408,441 "," 401,272 ",,,,,,,,,,,
,,,1991," 1,000,831 ","+191,118    ",+23.60          ," 507,076 "," 493,755 ",,,,,,,,,,,
,,,2001," 1,166,608 ","+165,777    ",+16.56          ," 588,750 "," 577,858 ",,,,,,,,,,,
,,,2011," 1,379,131 ","+212,523    ",+18.22          ," 695,879 "," 683,252 ",,,,,,,,,,,
,,,,,,,,,,,,,,,,,,,
23,457,Balaghat,1901," 399,934 ",-,-," 193,653 "," 206,281 ",,,,,,,,,,,
,,,1911," 475,924 ","+75,990    ",+19.0          ," 233,643 "," 242,281 ",,,,,,,,,,,
,,,1921," 511,634 ","+35,710    ",+7.50          ," 251,803 "," 259,831 ",,,,,,,,,,,
,,,1931," 561,602 ","+49,968    ",+9.77          ," 276,898 "," 284,704 ",,,,,,,,,,,
,,,1941," 634,350 ","+72,748    ",+12.95          ," 313,856 "," 320,494 ",,,,,,,,,,,
,,,1951," 693,379 ","+59,029    ",+9.31          ," 348,689 "," 344,690 ",,,,,,,,,,,
,,,1961," 806,702 ","+113,323    ",+16.34          ," 401,447 "," 405,255 ",,,,,,,,,,,
,,,1971," 977,583 ","+170,881    ",+21.18          ," 488,793 "," 488,790 ",,,,,,,,,,,
,,,1981," 1,147,810 ","+170,227    ",+17.41          ," 572,083 "," 575,727 ",,,,,,,,,,,
,,,1991," 1,365,870 ","+218,060    ",+19.0          ," 682,260 "," 683,610 ",,,,,,,,,,,
,,,2001," 1,497,968 ","+132,098    ",+9.67          ," 740,749 "," 757,219 ",,,,,,,,,,,
,,,2011," 1,701,698 ","+203,730    ",+13.60          ," 842,178 "," 859,520 ",,,,,,,,,,,
,,,,,,,,,,,,,,,,,,,
23,458,Guna,1901," 182,142 ",-,-, NA , NA ,,,,,,,,,,,
,,,1911," 215,344 ","+33,202    ",+18.23          ," 112,277 "," 103,067 ",,,,,,,,,,,
,,,1921," 209,012 ","-6,332 ",-2.94 ," 109,540 "," 99,472 ",,,,,,,,,,,
,,,1931," 232,732 ","+23,720    ",+11.35          ," 122,408 "," 110,324 ",,,,,,,,,,,
,,,1941," 260,822 ","+28,090    ",+12.07          ," 136,939 "," 123,883 ",,,,,,,,,,,
,,,1951," 263,614 ","+2,792    ",+1.07          ," 137,984 "," 125,630 ",,,,,,,,,,,
,,,1961," 318,030 ","+54,416    ",+20.64          ," 168,409 "," 149,621 ",,,,,,,,,,,
,,,1971," 426,292 ","+108,262    ",+34.04          ," 226,567 "," 199,725 ",,,,,,,,,,,
,,,1981," 557,434 ","+131,142    ",+30.76          ," 296,279 "," 261,155 ",,,,,,,,,,,
,,,1991," 751,060 ","+193,626    ",+34.74          ," 400,242 "," 350,818 ",,,,,,,,,,,
,,,2001," 977,827 ","+226,767    ",+30.19          ," 517,388 "," 460,439 ",,,,,,,,,,,
,,,2011," 1,241,519 ","+263,692    ",+26.97          ," 649,362 "," 592,157 ",,,,,,,,,,,
,,,,,,,,,,,,,,,,,,,
23,459,Ashoknagar,1901," 150,821 ",-,-, NA , NA ,,,,,,,,,,,
,,,1911," 178,313 ","+27,492    ",+18.23          ," 92,969 "," 85,344 ",,,,,,,,,,,
,,,1921," 173,070 ","-5,243 ",-2.94 ," 90,704 "," 82,366 ",,,,,,,,,,,
,,,1931," 192,710 ","+19,640    ",+11.35          ," 101,358 "," 91,352 ",,,,,,,,,,,
,,,1941," 215,970 ","+23,260    ",+12.07          ," 113,390 "," 102,580 ",,,,,,,,,,,
,,,1951," 218,282 ","+2,312    ",+1.07          ," 113,142 "," 105,140 ",,,,,,,,,,,
,,,1961," 277,795 ","+59,513    ",+27.26          ," 145,405 "," 132,390 ",,,,,,,,,,,
,,,1971," 357,456 ","+79,661    ",+28.68          ," 189,428 "," 168,028 ",,,,,,,,,,,
,,,1981," 444,551 ","+87,095    ",+24.37          ," 236,066 "," 208,485 ",,,,,,,,,,,
,,,1991," 559,257 ","+114,706    ",+25.80          ," 298,505 "," 260,752 ",,,,,,,,,,,
,,,2001," 688,940 ","+129,683    ",+23.19          ," 366,632 "," 322,308 ",,,,,,,,,,,
,,,2011," 845,071 ","+156,131    ",+22.66          ," 443,837 "," 401,234 ",,,,,,,,,,,
,,,,,,,,,,,,,,,,,,,
23,460,Shahdol,1901," 184,279 ",-,-," 92,075 "," 92,204 ",,,,,,,,,,,
,,,1911," 210,750 ","+26,471    ",+14.36          ," 104,527 "," 106,223 ",,,,,,,,,,,
,,,1921," 195,760 ","-14,990 ",-7.11 ," 97,967 "," 97,793 ",,,,,,,,,,,
,,,1931," 235,883 ","+40,123    ",+20.50          ," 118,246 "," 117,637 ",,,,,,,,,,,
,,,1941," 269,448 ","+33,565    ",+14.23          ," 135,610 "," 133,838 ",,,,,,,,,,,
,,,1951," 294,797 ","+25,349    ",+9.41          ," 150,423 "," 144,374 ",,,,,,,,,,,
,,,1961," 378,636 ","+83,839    ",+28.44          ," 193,560 "," 185,076 ",,,,,,,,,,,
,,,1971," 476,735 ","+98,099    ",+25.91          ," 245,317 "," 231,418 ",,,,,,,,,,,
,,,1981," 607,061 ","+130,326    ",+27.34          ," 313,400 "," 293,661 ",,,,,,,,,,,
,,,1991," 766,980 ","+159,919    ",+26.34          ," 396,121 "," 370,859 ",,,,,,,,,,,
,,,2001," 908,148 ","+141,168    ",+18.41          ," 464,784 "," 443,364 ",,,,,,,,,,,
,,,2011," 1,066,063 ","+157,915    ",+17.39          ," 540,021 "," 526,042 ",,,,,,,,,,,
,,,,,,,,,,,,,,,,,,,
23,461,Anuppur,1901," 128,297 ",-,-," 64,104 "," 64,193 ",,,,,,,,,,,
,,,1911," 146,726 ","+18,429    ",+14.36          ," 72,773 "," 73,953 ",,,,,,,,,,,
,,,1921," 136,290 ","-10,436 ",-7.11 ," 68,206 "," 68,084 ",,,,,,,,,,,
,,,1931," 164,224 ","+27,934    ",+20.50          ," 82,324 "," 81,900 ",,,,,,,,,,,
,,,1941," 187,591 ","+23,367    ",+14.23          ," 94,413 "," 93,178 ",,,,,,,,,,,
,,,1951," 205,240 ","+17,649    ",+9.41          ," 103,474 "," 101,766 ",,,,,,,,,,,
,,,1961," 249,115 ","+43,875    ",+21.38          ," 126,158 "," 122,957 ",,,,,,,,,,,
,,,1971," 310,763 ","+61,648    ",+24.75          ," 157,925 "," 152,838 ",,,,,,,,,,,
,,,1981," 418,833 ","+108,070    ",+34.78          ," 214,419 "," 204,414 ",,,,,,,,,,,
,,,1991," 556,074 ","+137,241    ",+32.77          ," 285,841 "," 270,233 ",,,,,,,,,,,
,,,2001," 667,155 ","+111,081    ",+19.98          ," 340,204 "," 326,951 ",,,,,,,,,,,
,,,2011," 749,237 ","+82,082    ",+12.30          ," 379,114 "," 370,123 ",,,,,,,,,,,
,,,,,,,,,,,,,,,,,,,
23,462,Sidhi,1901," 180,233 ",-,-," 90,177 "," 90,056 ",,,,,,,,,,,
,,,1911," 209,968 ","+29,735    ",+16.50          ," 104,666 "," 105,302 ",,,,,,,,,,,
,,,1921," 180,804 ","-29,164 ",-13.89 ," 90,418 "," 90,386 ",,,,,,,,,,,
,,,1931," 207,401 ","+26,597    ",+14.71          ," 103,983 "," 103,418 ",,,,,,,,,,,
,,,1941," 243,103 ","+35,702    ",+17.21          ," 122,351 "," 120,752 ",,,,,,,,,,,
,,,1951," 266,111 ","+23,008    ",+9.46          ," 134,434 "," 131,677 ",,,,,,,,,,,
,,,1961," 332,774 ","+66,663    ",+25.05          ," 167,445 "," 165,329 ",,,,,,,,,,,
,,,1971," 440,669 ","+107,895    ",+32.42          ," 223,998 "," 216,671 ",,,,,,,,,,,
,,,1981," 532,098 ","+91,429    ",+20.75          ," 269,697 "," 262,401 ",,,,,,,,,,,
,,,1991," 709,436 ","+177,338    ",+33.33          ," 367,119 "," 342,317 ",,,,,,,,,,,
,,,2001," 910,983 ","+201,547    ",+28.41          ," 469,197 "," 441,786 ",,,,,,,,,,,
,,,2011," 1,127,033 ","+216,050    ",+23.72          ," 575,912 "," 551,121 ",,,,,,,,,,,
,,,,,,,,,,,,,,,,,,,
23,463,Singrauli,1901," 134,232 ",-,-," 67,161 "," 67,071 ",,,,,,,,,,,
,,,1911," 156,377 ","+22,145    ",+16.50          ," 77,952 "," 78,425 ",,,,,,,,,,,
,,,1921," 134,657 ","-21,720 ",-13.89 ," 67,340 "," 67,317 ",,,,,,,,,,,
,,,1931," 154,465 ","+19,808    ",+14.71          ," 77,443 "," 77,022 ",,,,,,,,,,,
,,,1941," 181,056 ","+26,591    ",+17.21          ," 91,123 "," 89,933 ",,,,,,,,,,,
,,,1951," 198,191 ","+17,135    ",+9.46          ," 101,182 "," 97,009 ",,,,,,,,,,,
,,,1961," 247,355 ","+49,164    ",+24.81          ," 126,062 "," 121,293 ",,,,,,,,,,,
,,,1971," 336,117 ","+88,762    ",+35.88          ," 172,072 "," 164,045 ",,,,,,,,,,,
,,,1981," 458,369 ","+122,252    ",+36.37          ," 238,032 "," 220,337 ",,,,,,,,,,,
,,,1991," 663,998 ","+205,629    ",+44.86          ," 347,553 "," 316,445 ",,,,,,,,,,,
,,,2001," 920,169 ","+256,171    ",+38.58          ," 478,633 "," 441,536 ",,,,,,,,,,,
,,,2011," 1,178,273 ","+258,104    ",+28.05          ," 613,637 "," 564,636 ",,,,,,,,,,,
,,,,,,,,,,,,,,,,,,,
23,464,Jhabua,1901," 83,750 ",-,-, NA , NA ,,,,,,,,,,,
,,,1911," 116,878 ","+33,128    ",+39.56          ," 58,410 "," 58,468 ",,,,,,,,,,,
,,,1921," 135,558 ","+18,680    ",+15.98          ," 68,784 "," 66,774 ",,,,,,,,,,,
,,,1931," 158,464 ","+22,906    ",+16.90          ," 80,918 "," 77,546 ",,,,,,,,,,,
,,,1941," 186,035 ","+27,571    ",+17.40          ," 95,123 "," 90,912 ",,,,,,,,,,,
,,,1951," 207,418 ","+21,383    ",+11.49          ," 105,955 "," 101,463 ",,,,,,,,,,,
,,,1961," 285,619 ","+78,201    ",+37.70          ," 145,408 "," 140,211 ",,,,,,,,,,,
,,,1971," 374,686 ","+89,067    ",+31.18          ," 190,181 "," 184,505 ",,,,,,,,,,,
,,,1981," 447,438 ","+72,752    ",+19.42          ," 225,266 "," 222,172 ",,,,,,,,,,,
,,,1991," 646,924 ","+199,486    ",+44.58          ," 327,902 "," 319,022 ",,,,,,,,,,,
,,,2001," 784,286 ","+137,362    ",+21.23          ," 396,141 "," 388,145 ",,,,,,,,,,,
,,,2011," 1,025,048 ","+240,762    ",+30.70          ," 515,023 "," 510,025 ",,,,,,,,,,,
,,,,,,,,,,,,,,,,,,,
23,465,Alirajpur,1901," 70,763 ",-,-, NA , NA ,,,,,,,,,,,
,,,1911," 98,753 ","+27,990    ",+39.55          ," 49,352 "," 49,401 ",,,,,,,,,,,
,,,1921," 114,538 ","+15,785    ",+15.98          ," 58,119 "," 56,419 ",,,,,,,,,,,
,,,1931," 133,892 ","+19,354    ",+16.90          ," 68,371 "," 65,521 ",,,,,,,,,,,
,,,1941," 157,188 ","+23,296    ",+17.40          ," 80,373 "," 76,815 ",,,,,,,,,,,
,,,1951," 175,255 ","+18,067    ",+11.49          ," 90,372 "," 84,883 ",,,,,,,,,,,
,,,1961," 228,765 ","+53,510    ",+30.53          ," 117,287 "," 111,478 ",,,,,,,,,,,
,,,1971," 293,125 ","+64,360    ",+28.13          ," 149,045 "," 144,080 ",,,,,,,,,,,
,,,1981," 347,730 ","+54,605    ",+18.63          ," 175,284 "," 172,446 ",,,,,,,,,,,
,,,1991," 483,481 ","+135,751    ",+39.04          ," 243,862 "," 239,619 ",,,,,,,,,,,
,,,2001," 610,275 ","+126,794    ",+26.23          ," 305,912 "," 304,363 ",,,,,,,,,,,
,,,2011," 728,999 ","+118,724    ",+19.45          ," 362,542 "," 366,457 ",,,,,,,,,,,
,,,,,,,,,,,,,,,,,,,
23,466,Khandwa (East Nimar),1901," 210,188 ",-,-," 107,892 "," 102,296 ",,,,,,,,,,,
,,,1911," 250,875 ","+40,687    ",+19.36          ," 128,797 "," 122,078 ",,,,,,,,,,,
,,,1921," 254,443 ","+3,568    ",+1.42          ," 131,865 "," 122,578 ",,,,,,,,,,,
,,,1931," 299,822 ","+45,379    ",+17.83          ," 155,429 "," 144,393 ",,,,,,,,,,,
,,,1941," 329,540 ","+29,718    ",+9.91          ," 169,363 "," 160,177 ",,,,,,,,,,,
,,,1951," 346,916 ","+17,376    ",+5.27          ," 178,696 "," 168,220 ",,,,,,,,,,,
,,,1961," 446,906 ","+99,990    ",+28.82          ," 231,054 "," 215,852 ",,,,,,,,,,,
,,,1971," 568,143 ","+121,237    ",+27.13          ," 294,435 "," 273,708 ",,,,,,,,,,,
,,,1981," 729,781 ","+161,638    ",+28.45          ," 377,194 "," 352,587 ",,,,,,,,,,,
,,,1991," 898,596 ","+168,815    ",+23.13          ," 465,448 "," 433,148 ",,,,,,,,,,,
,,,2001," 1,078,251 ","+179,655    ",+19.99          ," 558,350 "," 519,901 ",,,,,,,,,,,
,,,2011," 1,310,061 ","+231,810    ",+21.50          ," 674,329 "," 635,732 ",,,,,,,,,,,
,,,,,,,,,,,,,,,,,,,
23,467,Burhanpur,1901," 106,985 ",-,-," 54,917 "," 52,068 ",,,,,,,,,,,
,,,1911," 127,696 ","+20,711    ",+19.36          ," 65,558 "," 62,138 ",,,,,,,,,,,
,,,1921," 129,511 ","+1,815    ",+1.42          ," 67,119 "," 62,392 ",,,,,,,,,,,
,,,1931," 152,609 ","+23,098    ",+17.83          ," 79,113 "," 73,496 ",,,,,,,,,,,
,,,1941," 167,736 ","+15,127    ",+9.91          ," 86,206 "," 81,530 ",,,,,,,,,,,
,,,1951," 176,580 ","+8,844    ",+5.27          ," 90,066 "," 86,514 ",,,,,,,,,,,
,,,1961," 238,244 ","+61,664    ",+34.92          ," 122,324 "," 115,920 ",,,,,,,,,,,
,,,1971," 311,188 ","+72,944    ",+30.62          ," 160,131 "," 151,057 ",,,,,,,,,,,
,,,1981," 423,799 ","+112,611    ",+36.19          ," 217,649 "," 206,150 ",,,,,,,,,,,
,,,1991," 533,066 ","+109,267    ",+25.78          ," 273,435 "," 259,631 ",,,,,,,,,,,
,,,2001," 634,883 ","+101,817    ",+19.10          ," 326,616 "," 308,267 ",,,,,,,,,,,
,,,2011," 757,847 ","+122,964    ",+19.37          ," 388,504 "," 369,343 ",,,,,,,,,,,
,,Note:-,,,,,,,,,,,,,,,,,
,,i),   N.A. = Not Available,,,,,,,,,,,,,,,,
,,ii),* The State figures of Males and Females are estimated for the year 1901 because  sex wise ,,,,,,,,,,,,,,,,
,,,distribution is not  available in respect of many districts for that year .,,,,,,,,,,,,,,,,
,,iii),                                                            District formed after 2001 census shown in Italics print,,,,,,,,,,,,,,,,