1,2,3,4,5,6,7,8,9,,,,,,,,,,
,,,,,,,,,,,,,,,,,,
01,000,JAMMU & KASHMIR,1901," 2,139,362 ", ----, ----," 1,136,766 "," 1,002,596 ",,,,,,,,,,
,,,1911," 2,292,535 ","+153,173    ",+7.16          ," 1,222,305 "," 1,070,230 ",,,,,,,,,,
,,,1921," 2,424,359 ","+131,824    ",+5.75          ," 1,296,205 "," 1,128,154 ",,,,,,,,,,
,,,1931," 2,670,208 ","+245,849    ",+10.14          ," 1,431,801 "," 1,238,407 ",,,,,,,,,,
,,,1941," 2,946,728 ","+276,520    ",+10.36          ," 1,577,021 "," 1,369,707 ",,,,,,,,,,
,,,1951," 3,253,852 ","+307,124    ",+10.42          ," 1,736,827 "," 1,517,025 ",,,,,,,,,,
,,,1961," 3,560,976 ","+307,124    ",+9.44          ," 1,896,633 "," 1,664,343 ",,,,,,,,,,
,,,1971," 4,616,632 ","+1,055,656    ",+29.65          ," 2,458,315 "," 2,158,317 ",,,,,,,,,,
,,,1981," 5,987,389 ","+1,370,757    ",+29.69          ," 3,164,660 "," 2,822,729 ",,,,,,,,,,
,,,  1991 *," 7,837,051 ","+1,849,662    ",+30.89          ," 4,142,082 "," 3,694,969 ",,,,,,,,,,
,,,2001," 10,143,700 ","+2,306,649    ",+29.43          ," 5,360,926 "," 4,782,774 ",,,,,,,,,,
,,,2011," 12,541,302 ","+2,397,602    ",+23.64          ," 6,640,662 "," 5,900,640 ",,,,,,,,,,
,,,,,,,,,,,,,,,,,,
01,001,Kupwara,1901," 110,979 ", ----, ----," 59,073 "," 51,906 ",,,,,,,,,,
,,,1911," 124,744 ","+13,765    ",+12.40          ," 66,161 "," 58,583 ",,,,,,,,,,
,,,1921," 137,936 ","+13,192    ",+10.58          ," 73,990 "," 63,946 ",,,,,,,,,,
,,,1931," 153,758 ","+15,822    ",+11.47          ," 82,443 "," 71,315 ",,,,,,,,,,
,,,1941," 170,079 ","+16,321    ",+10.61          ," 91,247 "," 78,832 ",,,,,,,,,,
,,,1951," 187,076 ","+16,997    ",+9.99          ," 99,839 "," 87,237 ",,,,,,,,,,
,,,1961," 204,073 ","+16,997    ",+9.09          ," 108,430 "," 95,643 ",,,,,,,,,,
,,,1971," 257,824 ","+53,751    ",+26.34          ," 140,042 "," 117,782 ",,,,,,,,,,
,,,1981," 328,743 ","+70,919    ",+27.51          ," 176,909 "," 151,834 ",,,,,,,,,,
,,,  1991 *," 465,948 ","+137,205    ",+41.74          ," 247,532 "," 218,416 ",,,,,,,,,,
,,,2001," 650,393 ","+184,445    ",+39.58          ," 341,303 "," 309,090 ",,,,,,,,,,
,,,2011," 870,354 ","+219,961    ",+33.82          ," 474,190 "," 396,164 ",,,,,,,,,,
,,,,,,,,,,,,,,,,,,
01,002,Badgam,1901,"102,536", ----, ----,"54,552","47,984",,,,,,,,,,
,,,1911,"113,577","+11,041    ",+10.77          ,"60,875","52,702",,,,,,,,,,
,,,1921,"123,910","+10,333    ",+9.10          ,"66,788","57,122",,,,,,,,,,
,,,1931,"142,013","+18,103    ",+14.61          ,"77,401","64,612",,,,,,,,,,
,,,1941,"161,895","+19,882    ",+14.0          ,"88,137","73,758",,,,,,,,,,
,,,1951,"185,293","+23,398    ",+14.45          ,"100,779","84,514",,,,,,,,,,
,,,1961,"208,690","+23,397    ",+12.63          ,"113,469","95,221",,,,,,,,,,
,,,1971,"260,808","+52,118    ",+24.97          ,"141,505","119,303",,,,,,,,,,
,,,1981,"361,857","+101,049    ",+38.74          ,"192,611","169,246",,,,,,,,,,
,,,1991*," 463,287 ","+101,430    ",+28.03          ," 243,072 "," 220,215 ",,,,,,,,,,
,,,2001,"607,181","+143,894    ",+31.06          ,"314,367","292,814",,,,,,,,,,
,,,2011," 753,745 ","+146,564    ",+24.14          ," 398,041 "," 355,704 ",,,,,,,,,,
,,,,,,,,,,,,,,,,,,
01,003,Leh (Ladakh),1901," 29,730 ", ----, ----," 14,973 "," 14,757 ",,,,,,,,,,
,,,1911," 33,431 ","+3,701    ",+12.45          ," 16,744 "," 16,687 ",,,,,,,,,,
,,,1921," 33,869 ",+438    ,+1.31          ," 16,694 "," 17,175 ",,,,,,,,,,
,,,1931," 35,489 ","+1,620    ",+4.78          ," 17,555 "," 17,934 ",,,,,,,,,,
,,,1941," 37,382 ","+1,893    ",+5.33          ," 18,584 "," 18,798 ",,,,,,,,,,
,,,1951," 40,484 ","+3,102    ",+8.30          ," 20,135 "," 20,349 ",,,,,,,,,,
,,,1961," 43,587 ","+3,103    ",+7.66          ," 21,686 "," 21,901 ",,,,,,,,,,
,,,1971," 51,891 ","+8,304    ",+19.05          ," 25,919 "," 25,972 ",,,,,,,,,,
,,,1981," 68,380 ","+16,489    ",+31.78          ," 36,248 "," 32,132 ",,,,,,,,,,
,,,  1991 *," 90,076 ","+21,696    ",+31.73          ," 48,592 "," 41,484 ",,,,,,,,,,
,,,2001," 117,232 ","+27,156    ",+30.15          ," 64,306 "," 52,926 ",,,,,,,,,,
,,,2011," 133,487 ","+16,255    ",+13.87          ," 78,971 "," 54,516 ",,,,,,,,,,
,,,,,,,,,,,,,,,,,,
01,004,Kargil,1901," 30,737 ", ----, ----," 15,481 "," 15,256 ",,,,,,,,,,
,,,1911," 34,563 ","+3,826    ",+12.45          ," 17,311 "," 17,252 ",,,,,,,,,,
,,,1921," 35,017 ",+454    ,+1.31          ," 17,261 "," 17,756 ",,,,,,,,,,
,,,1931," 36,692 ","+1,675    ",+4.78          ," 18,150 "," 18,542 ",,,,,,,,,,
,,,1941," 38,648 ","+1,956    ",+5.33          ," 19,214 "," 19,434 ",,,,,,,,,,
,,,1951," 41,856 ","+3,208    ",+8.30          ," 21,250 "," 20,606 ",,,,,,,,,,
,,,1961," 45,064 ","+3,208    ",+7.66          ," 23,286 "," 21,778 ",,,,,,,,,,
,,,1971," 53,400 ","+8,336    ",+18.50          ," 27,396 "," 26,004 ",,,,,,,,,,
,,,1981," 65,992 ","+12,592    ",+23.58          ," 35,609 "," 30,383 ",,,,,,,,,,
,,,  1991 *," 89,334 ","+23,342    ",+35.37          ," 48,419 "," 40,915 ",,,,,,,,,,
,,,2001," 119,307 ","+29,973    ",+33.55          ," 64,955 "," 54,352 ",,,,,,,,,,
,,,2011," 140,802 ","+21,495    ",+18.02          ," 77,785 "," 63,017 ",,,,,,,,,,
,,,,,,,,,,,,,,,,,,
01,005,Punch,1901," 102,011 ", ----, ----," 53,831 "," 48,180 ",,,,,,,,,,
,,,1911," 112,009 ","+9,998    ",+9.80          ," 58,137 "," 53,872 ",,,,,,,,,,
,,,1921," 117,759 ","+5,750    ",+5.13          ," 62,125 "," 55,634 ",,,,,,,,,,
,,,1931," 127,477 ","+9,718    ",+8.25          ," 67,106 "," 60,371 ",,,,,,,,,,
,,,1941," 140,446 ","+12,969    ",+10.17          ," 73,580 "," 66,866 ",,,,,,,,,,
,,,1951," 147,489 ","+7,043    ",+5.01          ," 77,417 "," 70,072 ",,,,,,,,,,
,,,1961," 154,532 ","+7,043    ",+4.78          ," 81,253 "," 73,279 ",,,,,,,,,,
,,,1971," 170,787 ","+16,255    ",+10.52          ," 89,750 "," 81,037 ",,,,,,,,,,
,,,1981," 224,197 ","+53,410    ",+31.27          ," 118,672 "," 105,525 ",,,,,,,,,,
,,,  1991 *," 290,727 ","+66,530    ",+29.67          ," 152,665 "," 138,062 ",,,,,,,,,,
,,,2001," 372,613 ","+81,886    ",+28.17          ," 194,213 "," 178,400 ",,,,,,,,,,
,,,2011," 476,835 ","+104,222    ",+27.97          ," 251,899 "," 224,936 ",,,,,,,,,,
,,,,,,,,,,,,,,,,,,
01,006,Rajouri,1901," 136,281 ", ----, ----," 71,990 "," 64,291 ",,,,,,,,,,
,,,1911," 146,823 ","+10,542    ",+7.74          ," 77,283 "," 69,540 ",,,,,,,,,,
,,,1921," 157,430 ","+10,607    ",+7.22          ," 82,450 "," 74,980 ",,,,,,,,,,
,,,1931," 166,126 ","+8,696    ",+5.52          ," 87,416 "," 78,710 ",,,,,,,,,,
,,,1941," 184,049 ","+17,923    ",+10.79          ," 95,780 "," 88,269 ",,,,,,,,,,
,,,1951," 177,789 ","-+6,260    ",-+3.40          ," 93,037 "," 84,752 ",,,,,,,,,,
,,,1961," 171,529 ","-+6,260    ",-+3.52          ," 90,295 "," 81,234 ",,,,,,,,,,
,,,1971," 217,373 ","+45,844    ",+26.73          ," 114,380 "," 102,993 ",,,,,,,,,,
,,,1981," 302,500 ","+85,127    ",+39.16          ," 158,679 "," 143,821 ",,,,,,,,,,
,,,  1991 *," 384,435 ","+81,935    ",+27.09          ," 203,186 "," 181,249 ",,,,,,,,,,
,,,2001," 483,284 ","+98,849    ",+25.71          ," 257,336 "," 225,948 ",,,,,,,,,,
,,,2011," 642,415 ","+159,131    ",+32.93          ," 345,351 "," 297,064 ",,,,,,,,,,
01,007,Kathua,1901,"144,722", ----, ----,"77,332","67,390",,,,,,,,,,
,,,1911,"142,404",-2318,-1.60 ,"76,367","66,037",,,,,,,,,,
,,,1921,"144,675","+2,271    ",+1.59          ,"77,386","67,289",,,,,,,,,,
,,,1931,"151,394","+6,719    ",+4.64          ,"80,776","70,618",,,,,,,,,,
,,,1941,"166,940","+15,546    ",+10.27          ,"88,476","78,464",,,,,,,,,,
,,,1951,"180,968","+14,028    ",+8.40          ,"95,432","85,536",,,,,,,,,,
,,,1961,"194,997","+14,029    ",+7.75          ,"102,603","92,394",,,,,,,,,,
,,,1971,"256,755","+61,758    ",+31.67          ,"133,876","122,879",,,,,,,,,,
,,,1981,"340,494","+83,739    ",+32.61          ,"177,956","162,538",,,,,,,,,,
,,,1991*," 419,120 ","+78,626    ",+23.09          ," 219,472 "," 199,648 ",,,,,,,,,,
,,,2001," 511,455 ","+92,335    ",+22.03          ," 269,457 "," 241,998 ",,,,,,,,,,
,,,2011," 616,435 ","+104,980    ",+20.53          ," 326,109 "," 290,326 ",,,,,,,,,,
,,,,,,,,,,,,,,,,,,
01,008,Baramula,1901," 155,387 ", ----, ----," 82,711 "," 72,676 ",,,,,,,,,,
,,,1911," 174,661 ","+19,274    ",+12.40          ," 92,636 "," 82,025 ",,,,,,,,,,
,,,1921," 193,132 ","+18,471    ",+10.58          ," 103,596 "," 89,536 ",,,,,,,,,,
,,,1931," 215,286 ","+22,154    ",+11.47          ," 115,435 "," 99,851 ",,,,,,,,,,
,,,1941," 238,136 ","+22,850    ",+10.61          ," 127,760 "," 110,376 ",,,,,,,,,,
,,,1951," 261,935 ","+23,799    ",+9.99          ," 140,976 "," 120,959 ",,,,,,,,,,
,,,1961," 285,734 ","+23,799    ",+9.09          ," 153,576 "," 132,158 ",,,,,,,,,,
,,,1971," 374,175 ","+88,441    ",+30.95          ," 201,632 "," 172,543 ",,,,,,,,,,
,,,1981," 490,057 ","+115,882    ",+30.97          ," 261,169 "," 228,888 ",,,,,,,,,,
,,,1991*," 638,634 ","+148,577    ",+30.32          ," 337,333 "," 301,301 ",,,,,,,,,,
,,,2001," 843,892 ","+205,258    ",+32.14          ," 443,027 "," 400,865 ",,,,,,,,,,
,,,2011," 1,008,039 ","+164,147    ",+19.45          ," 534,733 "," 473,306 ",,,,,,,,,,
,,,,,,,,,,,,,,,,,,
01,009,Bandipore,1901," 53,623 ", ----, ----," 28,543 "," 25,080 ",,,,,,,,,,
,,,1911," 60,274 ","+6,651    ",+12.40          ," 31,968 "," 28,306 ",,,,,,,,,,
,,,1921," 66,648 ","+6,374    ",+10.58          ," 35,751 "," 30,897 ",,,,,,,,,,
,,,1931," 74,293 ","+7,645    ",+11.47          ," 39,835 "," 34,458 ",,,,,,,,,,
,,,1941," 82,179 ","+7,886    ",+10.61          ," 44,089 "," 38,090 ",,,,,,,,,,
,,,1951," 90,391 ","+8,212    ",+9.99          ," 48,649 "," 41,742 ",,,,,,,,,,
,,,1961," 98,604 ","+8,213    ",+9.09          ," 53,783 "," 44,821 ",,,,,,,,,,
,,,1971," 129,356 ","+30,752    ",+31.19          ," 70,382 "," 58,974 ",,,,,,,,,,
,,,1981," 168,183 ","+38,827    ",+30.02          ," 90,835 "," 77,348 ",,,,,,,,,,
,,,1991*," 236,265 ","+68,082    ",+40.48          ," 125,641 "," 110,624 ",,,,,,,,,,
,,,2001," 304,886 ","+68,621    ",+29.04          ," 160,967 "," 143,919 ",,,,,,,,,,
,,,2011," 392,232 ","+87,346    ",+28.65          ," 207,680 "," 184,552 ",,,,,,,,,,
,,,,,,,,,,,,,,,,,,
01,010,Srinagar,1901," 184,676 ", ----, ----," 98,252 "," 86,424 ",,,,,,,,,,
,,,1911," 204,583 ","+19,907    ",+10.78          ," 109,640 "," 94,943 ",,,,,,,,,,
,,,1921," 223,223 ","+18,640    ",+9.11          ," 120,312 "," 102,911 ",,,,,,,,,,
,,,1931," 255,778 ","+32,555    ",+14.58          ," 139,389 "," 116,389 ",,,,,,,,,,
,,,1941," 291,522 ","+35,744    ",+13.97          ," 158,688 "," 132,834 ",,,,,,,,,,
,,,1951," 333,554 ","+42,032    ",+14.42          ," 180,747 "," 152,807 ",,,,,,,,,,
,,,1961," 375,587 ","+42,033    ",+12.60          ," 202,337 "," 173,250 ",,,,,,,,,,
,,,1971," 489,042 ","+113,455    ",+30.21          ," 263,750 "," 225,292 ",,,,,,,,,,
,,,1981," 608,244 ","+119,202    ",+24.37          ," 324,629 "," 283,615 ",,,,,,,,,,
,,,1991*," 789,450 ","+181,206    ",+29.79          ," 425,141 "," 364,309 ",,,,,,,,,,
,,,2001," 1,027,670 ","+238,220    ",+30.18          ," 558,353 "," 469,317 ",,,,,,,,,,
,,,2011," 1,236,829 ","+209,159    ",+20.35          ," 651,124 "," 585,705 ",,,,,,,,,,
,,,,,,,,,,,,,,,,,,
01,011,Ganderbal,1901," 38,388 ", ----, ----," 20,425 "," 17,963 ",,,,,,,,,,
,,,1911," 42,564 ","+4,176    ",+10.88          ," 22,797 "," 19,767 ",,,,,,,,,,
,,,1921," 46,479 ","+3,915    ",+9.20          ," 25,044 "," 21,435 ",,,,,,,,,,
,,,1931," 53,169 ","+6,690    ",+14.39          ," 28,948 "," 24,221 ",,,,,,,,,,
,,,1941," 60,493 ","+7,324    ",+13.77          ," 32,902 "," 27,591 ",,,,,,,,,,
,,,1951," 69,062 ","+8,569    ",+14.17          ," 37,406 "," 31,656 ",,,,,,,,,,
,,,1961," 77,630 ","+8,568    ",+12.41          ," 42,373 "," 35,257 ",,,,,,,,,,
,,,1971," 92,216 ","+14,586    ",+18.79          ," 50,059 "," 42,157 ",,,,,,,,,,
,,,1981," 117,391 ","+25,175    ",+27.30          ," 62,633 "," 54,758 ",,,,,,,,,,
,,,1991*," 175,632 ","+58,241    ",+49.61          ," 92,731 "," 82,901 ",,,,,,,,,,
,,,2001," 217,907 ","+42,275    ",+24.07          ," 113,643 "," 104,264 ",,,,,,,,,,
,,,2011," 297,446 ","+79,539    ",+36.50          ," 158,720 "," 138,726 ",,,,,,,,,,
,,,,,,,,,,,,,,,,,,
01,012,Pulwama,1901," 100,263 ", ----, ----," 53,324 "," 46,939 ",,,,,,,,,,
,,,1911," 111,435 ","+11,172    ",+11.14          ," 59,670 "," 51,765 ",,,,,,,,,,
,,,1921," 117,837 ","+6,402    ",+5.75          ," 63,793 "," 54,044 ",,,,,,,,,,
,,,1931," 129,171 ","+11,334    ",+9.62          ," 69,895 "," 59,276 ",,,,,,,,,,
,,,1941," 136,653 ","+7,482    ",+5.79          ," 74,388 "," 62,265 ",,,,,,,,,,
,,,1951," 153,262 ","+16,609    ",+12.15          ," 83,146 "," 70,116 ",,,,,,,,,,
,,,1961," 169,871 ","+16,609    ",+10.84          ," 92,278 "," 77,593 ",,,,,,,,,,
,,,1971," 215,840 ","+45,969    ",+27.06          ," 116,104 "," 99,736 ",,,,,,,,,,
,,,1981," 278,055 ","+62,215    ",+28.82          ," 145,919 "," 132,136 ",,,,,,,,,,
,,,1991*," 352,154 ","+74,099    ",+26.65          ," 183,319 "," 168,835 ",,,,,,,,,,
,,,2001," 441,275 ","+89,121    ",+25.31          ," 227,188 "," 214,087 ",,,,,,,,,,
,,,2011," 560,440 ","+119,165    ",+27.0          ," 293,064 "," 267,376 ",,,,,,,,,,
,,,,,,,,,,,,,,,,,,
01,013,Shupiyan,1901," 45,913 ", ----, ----," 24,418 "," 21,495 ",,,,,,,,,,
,,,1911," 51,029 ","+5,116    ",+11.14          ," 27,324 "," 23,705 ",,,,,,,,,,
,,,1921," 53,960 ","+2,931    ",+5.74          ," 29,212 "," 24,748 ",,,,,,,,,,
,,,1931," 59,150 ","+5,190    ",+9.62          ," 32,007 "," 27,143 ",,,,,,,,,,
,,,1941," 62,576 ","+3,426    ",+5.79          ," 34,064 "," 28,512 ",,,,,,,,,,
,,,1951," 70,182 ","+7,606    ",+12.15          ," 38,074 "," 32,108 ",,,,,,,,,,
,,,1961," 77,788 ","+7,606    ",+10.84          ," 41,711 "," 36,077 ",,,,,,,,,,
,,,1971," 98,318 ","+20,530    ",+26.39          ," 53,667 "," 44,651 ",,,,,,,,,,
,,,1981," 126,023 ","+27,705    ",+28.18          ," 67,174 "," 58,849 ",,,,,,,,,,
,,,1991*," 164,195 ","+38,172    ",+30.29          ," 85,831 "," 78,364 ",,,,,,,,,,
,,,2001," 211,332 ","+47,137    ",+28.71          ," 108,356 "," 102,976 ",,,,,,,,,,
,,,2011," 266,215 ","+54,883    ",+25.97          ," 136,480 "," 129,735 ",,,,,,,,,,
,,,,,,,,,,,,,,,,,,
01,014,Anantnag,1901," 163,720 ", ----, ----," 87,073 "," 76,647 ",,,,,,,,,,
,,,1911," 181,964 ","+18,244    ",+11.14          ," 97,435 "," 84,529 ",,,,,,,,,,
,,,1921," 192,417 ","+10,453    ",+5.74          ," 104,167 "," 88,250 ",,,,,,,,,,
,,,1931," 210,925 ","+18,508    ",+9.62          ," 114,133 "," 96,792 ",,,,,,,,,,
,,,1941," 223,142 ","+12,217    ",+5.79          ," 121,470 "," 101,672 ",,,,,,,,,,
,,,1951," 250,263 ","+27,121    ",+12.15          ," 135,038 "," 115,225 ",,,,,,,,,,
,,,1961," 277,384 ","+27,121    ",+10.84          ," 150,363 "," 127,021 ",,,,,,,,,,
,,,1971," 352,304 ","+74,920    ",+27.01          ," 190,951 "," 161,353 ",,,,,,,,,,
,,,1981," 445,520 ","+93,216    ",+26.46          ," 235,944 "," 209,576 ",,,,,,,,,,
,,,1991*," 593,239 ","+147,719    ",+33.16          ," 311,563 "," 281,676 ",,,,,,,,,,
,,,2001," 778,408 ","+185,169    ",+31.21          ," 407,429 "," 370,979 ",,,,,,,,,,
,,,2011," 1,078,692 ","+300,284    ",+38.58          ," 559,767 "," 518,925 ",,,,,,,,,,
,,,,,,,,,,,,,,,,,,
01,015,Kulgam,1901," 73,234 ", ----, ----," 38,949 "," 34,285 ",,,,,,,,,,
,,,1911," 81,394 ","+8,160    ",+11.14          ," 43,584 "," 37,810 ",,,,,,,,,,
,,,1921," 86,070 ","+4,676    ",+5.74          ," 46,595 "," 39,475 ",,,,,,,,,,
,,,1931," 94,349 ","+8,279    ",+9.62          ," 51,053 "," 43,296 ",,,,,,,,,,
,,,1941," 99,814 ","+5,465    ",+5.79          ," 54,335 "," 45,479 ",,,,,,,,,,
,,,1951," 111,946 ","+12,132    ",+12.15          ," 60,405 "," 51,541 ",,,,,,,,,,
,,,1961," 124,077 ","+12,131    ",+10.84          ," 64,718 "," 59,359 ",,,,,,,,,,
,,,1971," 165,818 ","+41,741    ",+33.64          ," 89,631 "," 76,187 ",,,,,,,,,,
,,,1981," 210,831 ","+45,013    ",+27.15          ," 111,762 "," 99,069 ",,,,,,,,,,
,,,1991*," 289,804 ","+78,973    ",+37.46          ," 151,255 "," 138,549 ",,,,,,,,,,
,,,2001," 394,026 ","+104,222    ",+35.96          ," 202,578 "," 191,448 ",,,,,,,,,,
,,,2011," 424,483 ","+30,457    ",+7.73          ," 217,620 "," 206,863 ",,,,,,,,,,
,,,,,,,,,,,,,,,,,,
01,016,Doda,1901," 67,857 ", ----, ----," 35,566 "," 32,291 ",,,,,,,,,,
,,,1911," 73,350 ","+5,493    ",+8.09          ," 38,289 "," 35,061 ",,,,,,,,,,
,,,1921," 73,988 ",+638    ,+.87          ," 38,798 "," 35,190 ",,,,,,,,,,
,,,1931," 84,105 ","+10,117    ",+13.67          ," 44,246 "," 39,859 ",,,,,,,,,,
,,,1941," 90,317 ","+6,212    ",+7.39          ," 47,321 "," 42,996 ",,,,,,,,,,
,,,1951," 105,240 ","+14,923    ",+16.52          ," 55,266 "," 49,974 ",,,,,,,,,,
,,,1961," 120,163 ","+14,923    ",+14.18          ," 63,196 "," 56,967 ",,,,,,,,,,
,,,1971," 155,594 ","+35,431    ",+29.49          ," 81,803 "," 73,791 ",,,,,,,,,,
,,,1981," 197,343 ","+41,749    ",+26.83          ," 102,256 "," 95,087 ",,,,,,,,,,
,,,1991*," 253,395 ","+56,052    ",+28.40          ," 132,737 "," 120,658 ",,,,,,,,,,
,,,2001," 320,256 ","+66,861    ",+26.39          ," 167,373 "," 152,883 ",,,,,,,,,,
,,,2011," 409,936 ","+89,680    ",+28.0          ," 213,641 "," 196,295 ",,,,,,,,,,
,,,,,,,,,,,,,,,,,,
01,017,Ramban,1901," 46,580 ", ----, ----," 24,450 "," 22,130 ",,,,,,,,,,
,,,1911," 50,305 ","+3,725    ",+8.0          ," 26,321 "," 23,984 ",,,,,,,,,,
,,,1921," 51,062 ",+757    ,+1.50          ," 26,806 "," 24,256 ",,,,,,,,,,
,,,1931," 57,361 ","+6,299    ",+12.34          ," 30,175 "," 27,186 ",,,,,,,,,,
,,,1941," 61,720 ","+4,359    ",+7.60          ," 32,356 "," 29,364 ",,,,,,,,,,
,,,1951," 71,242 ","+9,522    ",+15.43          ," 37,402 "," 33,840 ",,,,,,,,,,
,,,1961," 80,764 ","+9,522    ",+13.37          ," 42,663 "," 38,101 ",,,,,,,,,,
,,,1971," 105,767 ","+25,003    ",+30.96          ," 56,748 "," 49,019 ",,,,,,,,,,
,,,1981," 130,569 ","+24,802    ",+23.45          ," 69,820 "," 60,749 ",,,,,,,,,,
,,,1991*," 168,962 ","+38,393    ",+29.40          ," 89,969 "," 78,993 ",,,,,,,,,,
,,,2001," 214,944 ","+45,982    ",+27.21          ," 113,767 "," 101,177 ",,,,,,,,,,
,,,2011," 283,713 ","+68,769    ",+31.99          ," 149,132 "," 134,581 ",,,,,,,,,,
,,,,,,,,,,,,,,,,,,
01,018,Kishtwar,1901," 42,124 ", ----, ----," 22,078 "," 20,046 ",,,,,,,,,,
,,,1911," 45,534 ","+3,410    ",+8.10          ," 23,769 "," 21,765 ",,,,,,,,,,
,,,1921," 45,929 ",+395    ,+.87          ," 24,085 "," 21,844 ",,,,,,,,,,
,,,1931," 52,211 ","+6,282    ",+13.68          ," 27,467 "," 24,744 ",,,,,,,,,,
,,,1941," 56,066 ","+3,855    ",+7.38          ," 29,375 "," 26,691 ",,,,,,,,,,
,,,1951," 65,330 ","+9,264    ",+16.52          ," 34,307 "," 31,023 ",,,,,,,,,,
,,,1961," 74,594 ","+9,264    ",+14.18          ," 38,991 "," 35,603 ",,,,,,,,,,
,,,1971," 97,843 ","+23,249    ",+31.17          ," 51,950 "," 45,893 ",,,,,,,,,,
,,,1981," 118,661 ","+20,818    ",+21.28          ," 62,581 "," 56,080 ",,,,,,,,,,
,,,1991*," 151,247 ","+32,586    ",+27.46          ," 79,604 "," 71,643 ",,,,,,,,,,
,,,2001," 190,843 ","+39,596    ",+26.18          ," 100,235 "," 90,608 ",,,,,,,,,,
,,,2011," 230,696 ","+39,853    ",+20.88          ," 120,165 "," 110,531 ",,,,,,,,,,
,,,,,,,,,,,,,,,,,,
01,019,Udhampur,1901," 100,454 ", ----, ----," 53,077 "," 47,377 ",,,,,,,,,,
,,,1911," 108,012 ","+7,558    ",+7.52          ," 57,129 "," 50,883 ",,,,,,,,,,
,,,1921," 112,814 ","+4,802    ",+4.45          ," 59,521 "," 53,293 ",,,,,,,,,,
,,,1931," 120,005 ","+7,191    ",+6.37          ," 63,114 "," 56,891 ",,,,,,,,,,
,,,1941," 130,358 ","+10,353    ",+8.63          ," 68,517 "," 61,841 ",,,,,,,,,,
,,,1951," 143,755 ","+13,397    ",+10.28          ," 75,369 "," 68,386 ",,,,,,,,,,
,,,1961," 157,152 ","+13,397    ",+9.32          ," 82,257 "," 74,895 ",,,,,,,,,,
,,,1971," 208,495 ","+51,343    ",+32.67          ," 108,634 "," 99,861 ",,,,,,,,,,
,,,1981," 270,763 ","+62,268    ",+29.87          ," 140,102 "," 130,661 ",,,,,,,,,,
,,,1991*," 354,711 ","+83,948    ",+31.0          ," 188,881 "," 165,830 ",,,,,,,,,,
,,,2001," 459,486 ","+104,775    ",+29.54          ," 248,875 "," 210,611 ",,,,,,,,,,
,,,2011," 554,985 ","+95,499    ",+20.78          ," 296,784 "," 258,201 ",,,,,,,,,,
,,,,,,,,,,,,,,,,,,
01,020,Reasi,1901," 57,195 ", ----, ----," 30,220 "," 26,975 ",,,,,,,,,,
,,,1911," 61,506 ","+4,311    ",+7.54          ," 32,530 "," 28,976 ",,,,,,,,,,
,,,1921," 64,243 ","+2,737    ",+4.45          ," 33,893 "," 30,350 ",,,,,,,,,,
,,,1931," 68,335 ","+4,092    ",+6.37          ," 35,938 "," 32,397 ",,,,,,,,,,
,,,1941," 74,224 ","+5,889    ",+8.62          ," 39,012 "," 35,212 ",,,,,,,,,,
,,,1951," 81,852 ","+7,628    ",+10.28          ," 42,913 "," 38,939 ",,,,,,,,,,
,,,1961," 89,481 ","+7,629    ",+9.32          ," 46,786 "," 42,695 ",,,,,,,,,,
,,,1971," 116,387 ","+26,906    ",+30.07          ," 61,486 "," 54,901 ",,,,,,,,,,
,,,1981," 160,091 ","+43,704    ",+37.55          ," 85,808 "," 74,283 ",,,,,,,,,,
,,,1991*," 200,059 ","+39,968    ",+24.97          ," 106,869 "," 93,190 ",,,,,,,,,,
,,,2001," 247,694 ","+47,635    ",+23.81          ," 131,783 "," 115,911 ",,,,,,,,,,
,,,2011," 314,667 ","+66,973    ",+27.04          ," 166,461 "," 148,206 ",,,,,,,,,,
,,,,,,,,,,,,,,,,,,
01,021,Jammu,1901," 291,399 ", ----, ----," 157,294 "," 134,105 ",,,,,,,,,,
,,,1911," 279,051 ","-12,348 ",-4.24 ," 153,822 "," 125,229 ",,,,,,,,,,
,,,1921," 285,361 ","+6,310    ",+2.26          ," 155,110 "," 130,251 ",,,,,,,,,,
,,,1931," 316,647 ","+31,286    ",+10.96          ," 173,148 "," 143,499 ",,,,,,,,,,
,,,1941," 364,253 ","+47,606    ",+15.03          ," 196,888 "," 167,365 ",,,,,,,,,,
,,,1951," 401,532 ","+37,279    ",+10.23          ," 214,776 "," 186,756 ",,,,,,,,,,
,,,1961," 438,810 ","+37,278    ",+9.28          ," 233,394 "," 205,416 ",,,,,,,,,,
,,,1971," 616,396 ","+177,586    ",+40.47          ," 321,776 "," 294,620 ",,,,,,,,,,
,,,1981," 792,490 ","+176,094    ",+28.57          ," 414,465 "," 378,025 ",,,,,,,,,,
,,,1991*," 1,043,302 ","+250,812    ",+31.65          ," 550,815 "," 492,487 ",,,,,,,,,,
,,,2001," 1,357,077 ","+313,775    ",+30.08          ," 727,738 "," 629,339 ",,,,,,,,,,
,,,2011," 1,529,958 ","+172,881    ",+12.74          ," 813,821 "," 716,137 ",,,,,,,,,,
,,,,,,,,,,,,,,,,,,
01,022,Samba,1901," 61,553 ", ----, ----," 33,154 "," 28,399 ",,,,,,,,,,
,,,1911," 59,322 ","-2,231 ",-3.62 ," 32,513 "," 26,809 ",,,,,,,,,,
,,,1921," 60,600 ","+1,278    ",+2.15          ," 32,828 "," 27,772 ",,,,,,,,,,
,,,1931," 66,474 ","+5,874    ",+9.69          ," 36,171 "," 30,303 ",,,,,,,,,,
,,,1941," 75,836 ","+9,362    ",+14.08          ," 40,838 "," 34,998 ",,,,,,,,,,
,,,1951," 83,351 ","+7,515    ",+9.91          ," 44,464 "," 38,887 ",,,,,,,,,,
,,,1961," 90,865 ","+7,514    ",+9.01          ," 47,185 "," 43,680 ",,,,,,,,,,
,,,1971," 130,243 ","+39,378    ",+43.34          ," 66,874 "," 63,369 ",,,,,,,,,,
,,,1981," 181,005 ","+50,762    ",+38.97          ," 92,879 "," 88,126 ",,,,,,,,,,
,,,1991*," 223,075 ","+42,070    ",+23.24          ," 117,455 "," 105,620 ",,,,,,,,,,
,,,2001," 272,539 ","+49,464    ",+22.17          ," 143,677 "," 128,862 ",,,,,,,,,,
,,,2011," 318,898 ","+46,359    ",+17.01          ," 169,124 "," 149,774 ",,,,,,,,,,
,,,,,,,,,,,,,,,,,,
,,Note:-,,,,,,,,,,,,,,,,
,,i),* The 1991 Census was not held in Jammu & Kashmir. Hence the population ,,,,,,,,,,,,,,,
,,,figures for 1991 of Jammu and Kashmir and its districts have been worked out,,,,,,,,,,,,,,,
,,,"by ""Interpolation"".",,,,,,,,,,,,,,,
,,,,,,,,,,,,,,,,,,
,,ii),1951 population are the arthmatic mean of 1941 and 1961 population.,,,,,,,,,,,,,,,
,,,,,,,,,,,,,,,,,,
,,iii),"Population of 41 villages fully and 3 villages partly of Akhnoor Tahsil (Distric Jammu) falling on the other side of line of control referred to in the Simla Agreement, 1972 has been adjusted in districts Udhampur, Kathua and Jammu on pro data basis.",,,,,,,,,,,,,,,
,,,,,,,,,,,,,,,,,,
,,iv),"Population of villages transferred after 1971 conflict to Kupwara, Kargil, Ladakh and Punch districts from other side of line of control referred to in the Simla Agreement of 1972 has not been included.",,,,,,,,,,,,,,,
,,,,,,,,,,,,,,,,,,
,,v),                                                            District formed after 2001 census shown in Italics print,,,,,,,,,,,,,,,
,,,,,,,,,,,,,,,,,,
,,,,,,,,,,,,,,,,,,
,,,,,,,,,,,,,,,,,,
,,,,,,,,,,,,,,,,,,
,,,,,,,,,,,,,,,,,,
,,,,,,,,,,,,,,,,,,
,,,,,,,,,,,,,,,,,,
,,,,,,,,,,,,,,,,,,
,,,,,,,,,,,,,,,,,,
,,,,,,,,,,,,,,,,,,