1,2,3,4,5,6,7,8,9,,,,,,
21,000,ODISHA,1901," 10,302,917 ",                       --- ,                    --- ," 5,058,100 "," 5,244,817 ",,,,,,
,, ,1911," 11,378,875 ","+1,075,958    ",+10.44          ," 5,535,632 "," 5,843,243 ",,,,,,
,,,1921," 11,158,586 ","-220,289 ",-1.94 ," 5,350,227 "," 5,808,359 ",,,,,,
,,,1931," 12,491,056 ","+1,332,470    ",+11.94          ," 6,042,255 "," 6,448,801 ",,,,,,
,,,1941," 13,767,988 ","+1,276,932    ",+10.22          ," 6,706,487 "," 7,061,501 ",,,,,,
,,,1951," 14,645,946 ","+877,958    ",+6.38          ," 7,242,892 "," 7,403,054 ",,,,,,
,,,1961," 17,548,846 ","+2,902,900    ",+19.82          ," 8,770,586 "," 8,778,260 ",,,,,,
,,,1971," 21,944,615 ","+4,395,769    ",+25.05          ," 11,041,083 "," 10,903,532 ",,,,,,
,,,1981," 26,370,271 ","+4,425,656    ",+20.17          ," 13,309,786 "," 13,060,485 ",,,,,,
,,,1991," 31,659,736 ","+5,289,465    ",+20.06          ," 16,064,146 "," 15,595,590 ",,,,,,
,,,2001," 36,804,660 ","+5,144,924    ",+16.25          ," 18,660,570 "," 18,144,090 ",,,,,,
,,,2011," 41,974,218 ","+5,169,558    ",+14.05          ," 21,212,136 "," 20,762,082 ",,,,,,
,,,,,,,,,,,,,,
21,370,Bargarh,1901," 371,066 ",                       --- ,                    --- ," 183,860 "," 187,206 ",,,,,,
,,,1911," 429,684 ","+58,618    ",+15.80          ," 211,797 "," 217,887 ",,,,,,
,,,1921," 449,182 ","+19,498    ",+4.54          ," 220,906 "," 228,276 ",,,,,,
,,,1931," 501,975 ","+52,793    ",+11.75          ," 245,638 "," 256,337 ",,,,,,
,,,1941," 565,389 ","+63,414    ",+12.63          ," 277,837 "," 287,552 ",,,,,,
,,,1951," 612,037 ","+46,648    ",+8.25          ," 302,762 "," 309,275 ",,,,,,
,,,1961," 693,122 ","+81,085    ",+13.25          ," 344,404 "," 348,718 ",,,,,,
,,,1971," 839,622 ","+146,500    ",+21.14          ," 420,949 "," 418,673 ",,,,,,
,,,1981," 1,032,354 ","+192,732    ",+22.95          ," 518,993 "," 513,361 ",,,,,,
,,,1991," 1,207,172 ","+174,818    ",+16.93          ," 609,916 "," 597,256 ",,,,,,
,,,2001," 1,346,336 ","+139,164    ",+11.53          ," 681,500 "," 664,836 ",,,,,,
,,,2011," 1,481,255 ","+134,919    ",+10.02          ," 749,161 "," 732,094 ",,,,,,
,,,,,,,,,,,,,,
21,371,Jharsuguda,1901," 142,665 ",                       --- ,                    --- ," 70,690 "," 71,975 ",,,,,,
,,,1911," 165,203 ","+22,538    ",+15.80          ," 81,431 "," 83,772 ",,,,,,
,,,1921," 172,699 ","+7,496    ",+4.54          ," 84,933 "," 87,766 ",,,,,,
,,,1931," 192,997 ","+20,298    ",+11.75          ," 94,442 "," 98,555 ",,,,,,
,,,1941," 217,378 ","+24,381    ",+12.63          ," 106,821 "," 110,557 ",,,,,,
,,,1951," 235,313 ","+17,935    ",+8.25          ," 116,674 "," 118,639 ",,,,,,
,,,1961," 247,185 ","+11,872    ",+5.05          ," 124,981 "," 122,204 ",,,,,,
,,,1971," 292,876 ","+45,691    ",+18.48          ," 149,441 "," 143,435 ",,,,,,
,,,1981," 368,251 ","+75,375    ",+25.74          ," 188,455 "," 179,796 ",,,,,,
,,,1991," 446,726 ","+78,475    ",+21.31          ," 230,511 "," 216,215 ",,,,,,
,,,2001," 514,853 ","+68,127    ",+15.25          ," 264,549 "," 250,304 ",,,,,,
,,,2011," 579,505 ","+64,652    ",+12.56          ," 296,690 "," 282,815 ",,,,,,
,,,,,,,,,,,,,,
21,372,Sambalpur,1901," 215,645 ",                       --- ,                    --- ," 106,850 "," 108,795 ",,,,,,
,,,1911," 249,710 ","+34,065    ",+15.80          ," 123,086 "," 126,624 ",,,,,,
,,,1921," 261,043 ","+11,333    ",+4.54          ," 128,379 "," 132,664 ",,,,,,
,,,1931," 291,723 ","+30,680    ",+11.75          ," 142,752 "," 148,971 ",,,,,,
,,,1941," 328,576 ","+36,853    ",+12.63          ," 161,466 "," 167,110 ",,,,,,
,,,1951," 355,685 ","+27,109    ",+8.25          ," 179,492 "," 176,193 ",,,,,,
,,,1961," 445,745 ","+90,060    ",+25.32          ," 225,506 "," 220,239 ",,,,,,
,,,1971," 549,157 ","+103,412    ",+23.20          ," 280,384 "," 268,773 ",,,,,,
,,,1981," 682,700 ","+133,543    ",+24.32          ," 348,629 "," 334,071 ",,,,,,
,,,1991," 809,017 ","+126,317    ",+18.50          ," 413,541 "," 395,476 ",,,,,,
,,,2001," 930,476 ","+121,459    ",+15.01          ," 472,514 "," 457,962 ",,,,,,
,,,2011," 1,041,099 ","+110,623    ",+11.89          ," 526,877 "," 514,222 ",,,,,,
,,,,,,,,,,,,,,
21,373,Debagarh,1901," 59,882 ",                       --- ,                    --- ," 29,671 "," 30,211 ",,,,,,
,,,1911," 69,341 ","+9,459    ",+15.80          ," 34,179 "," 35,162 ",,,,,,
,,,1921," 72,488 ","+3,147    ",+4.54          ," 35,649 "," 36,839 ",,,,,,
,,,1931," 81,007 ","+8,519    ",+11.75          ," 39,640 "," 41,367 ",,,,,,
,,,1941," 91,241 ","+10,234    ",+12.63          ," 44,837 "," 46,404 ",,,,,,
,,,1951," 98,769 ","+7,528    ",+8.25          ," 48,930 "," 49,839 ",,,,,,
,,,1961," 122,634 ","+23,865    ",+24.16          ," 61,272 "," 61,362 ",,,,,,
,,,1971," 163,243 ","+40,609    ",+33.11          ," 82,558 "," 80,685 ",,,,,,
,,,1981," 197,671 ","+34,428    ",+21.09          ," 100,392 "," 97,279 ",,,,,,
,,,1991," 234,238 ","+36,567    ",+18.50          ," 118,172 "," 116,066 ",,,,,,
,,,2001," 274,108 ","+39,870    ",+17.02          ," 138,408 "," 135,700 ",,,,,,
,,,2011," 312,520 ","+38,412    ",+14.01          ," 158,230 "," 154,290 ",,,,,,
,,,,,,,,,,,,,,
21,374,Sundargarh,1901," 277,173 ",                       --- ,                    --- ," 141,493 "," 135,680 ",,,,,,
,,,1911," 362,138 ","+84,965    ",+30.65          ," 182,149 "," 179,989 ",,,,,,
,,,1921," 377,449 ","+15,311    ",+4.23          ," 188,344 "," 189,105 ",,,,,,
,,,1931," 436,860 ","+59,411    ",+15.74          ," 216,985 "," 219,875 ",,,,,,
,,,1941," 490,708 ","+53,848    ",+12.33          ," 243,296 "," 247,412 ",,,,,,
,,,1951," 552,203 ","+61,495    ",+12.53          ," 274,401 "," 277,802 ",,,,,,
,,,1961," 758,617 ","+206,414    ",+37.38          ," 396,214 "," 362,403 ",,,,,,
,,,1971," 1,030,758 ","+272,141    ",+35.87          ," 530,836 "," 499,922 ",,,,,,
,,,1981," 1,337,871 ","+307,113    ",+29.79          ," 692,749 "," 645,122 ",,,,,,
,,,1991," 1,573,617 ","+235,746    ",+17.62          ," 812,707 "," 760,910 ",,,,,,
,,,2001," 1,830,673 ","+257,056    ",+16.34          ," 935,601 "," 895,072 ",,,,,,
,,,2011," 2,093,437 ","+262,764    ",+14.35          ," 1,061,147 "," 1,032,290 ",,,,,,
,,,,,,,,,,,,,,
21,375,Kendujhar,1901," 285,758 ",                       --- ,                    --- ," 144,072 "," 141,686 ",,,,,,
,,,1911," 364,702 ","+78,944    ",+27.63          ," 182,020 "," 182,682 ",,,,,,
,,,1921," 379,496 ","+14,794    ",+4.06          ," 186,785 "," 192,711 ",,,,,,
,,,1931," 460,609 ","+81,113    ",+21.37          ," 227,143 "," 233,466 ",,,,,,
,,,1941," 529,786 ","+69,177    ",+15.02          ," 263,475 "," 266,311 ",,,,,,
,,,1951," 588,441 ","+58,655    ",+11.07          ," 294,902 "," 293,539 ",,,,,,
,,,1961," 743,315 ","+154,874    ",+26.32          ," 375,090 "," 368,225 ",,,,,,
,,,1971," 955,514 ","+212,199    ",+28.55          ," 483,334 "," 472,180 ",,,,,,
,,,1981," 1,114,622 ","+159,108    ",+16.65          ," 562,157 "," 552,465 ",,,,,,
,,,1991," 1,337,026 ","+222,404    ",+19.95          ," 677,480 "," 659,546 ",,,,,,
,,,2001," 1,561,990 ","+224,964    ",+16.83          ," 790,036 "," 771,954 ",,,,,,
,,,2011," 1,801,733 ","+239,743    ",+15.35          ," 906,487 "," 895,246 ",,,,,,
,,,,,,,,,,,,,,
21,376,Mayurbhanj,1901," 610,383 ",                       --- ,                    --- ," 303,266 "," 307,117 ",,,,,,
,,,1911," 729,218 ","+118,835    ",+19.47          ," 362,570 "," 366,648 ",,,,,,
,,,1921," 754,314 ","+25,096    ",+3.44          ," 374,319 "," 379,995 ",,,,,,
,,,1931," 889,603 ","+135,289    ",+17.94          ," 442,378 "," 447,225 ",,,,,,
,,,1941," 984,741 ","+95,138    ",+10.69          ," 491,129 "," 493,612 ",,,,,,
,,,1951," 1,028,825 ","+44,084    ",+4.48          ," 514,051 "," 514,774 ",,,,,,
,,,1961," 1,204,043 ","+175,218    ",+17.03          ," 604,756 "," 599,287 ",,,,,,
,,,1971," 1,434,200 ","+230,157    ",+19.12          ," 721,914 "," 712,286 ",,,,,,
,,,1981," 1,581,873 ","+147,673    ",+10.30          ," 795,364 "," 786,509 ",,,,,,
,,,1991," 1,884,580 ","+302,707    ",+19.14          ," 952,183 "," 932,397 ",,,,,,
,,,2001," 2,223,456 ","+338,876    ",+17.98          ," 1,123,200 "," 1,100,256 ",,,,,,
,,,2011," 2,519,738 ","+296,282    ",+13.33          ," 1,256,213 "," 1,263,525 ",,,,,,
,,,,,,,,,,,,,,
21,377,Baleshwar,1901," 679,046 ",                       --- ,                    --- ," 328,774 "," 350,272 ",,,,,,
,,,1911," 669,624 ","-9,422 ",-1.39 ," 320,789 "," 348,835 ",,,,,,
,,,1921," 622,836 ","-46,788 ",-6.99 ," 296,827 "," 326,009 ",,,,,,
,,,1931," 630,857 ","+8,021    ",+1.29          ," 306,517 "," 324,340 ",,,,,,
,,,1941," 660,388 ","+29,531    ",+4.68          ," 326,320 "," 334,068 ",,,,,,
,,,1951," 658,742 ","-1,646 ",-0.25 ," 337,476 "," 321,266 ",,,,,,
,,,1961," 839,081 ","+180,339    ",+27.38          ," 428,929 "," 410,152 ",,,,,,
,,,1971," 1,091,230 ","+252,149    ",+30.05          ," 555,443 "," 535,787 ",,,,,,
,,,1981," 1,357,727 ","+266,497    ",+24.42          ," 690,808 "," 666,919 ",,,,,,
,,,1991," 1,696,583 ","+338,856    ",+24.96          ," 867,641 "," 828,942 ",,,,,,
,,,2001," 2,024,508 ","+327,925    ",+19.33          ," 1,036,511 "," 987,997 ",,,,,,
,,,2011," 2,320,529 ","+296,021    ",+14.62          ," 1,185,787 "," 1,134,742 ",,,,,,
,,,,,,,,,,,,,,
,,,,,,,,,,,,,,
21,378,Bhadrak,1901," 461,056 ",                       --- ,                    --- ," 223,229 "," 237,827 ",,,,,,
,,,1911," 454,658 ","-6,398 ",-1.39 ," 217,808 "," 236,850 ",,,,,,
,,,1921," 422,890 ","-31,768 ",-6.99 ," 201,538 "," 221,352 ",,,,,,
,,,1931," 428,337 ","+5,447    ",+1.29          ," 208,118 "," 220,219 ",,,,,,
,,,1941," 448,387 ","+20,050    ",+4.68          ," 221,563 "," 226,824 ",,,,,,
,,,1951," 447,270 ","-1,117 ",-0.25 ," 218,590 "," 228,680 ",,,,,,
,,,1961," 576,842 ","+129,572    ",+28.97          ," 288,411 "," 288,431 ",,,,,,
,,,1971," 739,274 ","+162,432    ",+28.16          ," 372,899 "," 366,375 ",,,,,,
,,,1981," 895,081 ","+155,807    ",+21.08          ," 448,547 "," 446,534 ",,,,,,
,,,1991," 1,105,834 ","+210,753    ",+23.55          ," 557,017 "," 548,817 ",,,,,,
,,,2001," 1,333,749 ","+227,915    ",+20.61          ," 675,642 "," 658,107 ",,,,,,
,,,2011," 1,506,337 ","+172,588    ",+12.94          ," 760,260 "," 746,077 ",,,,,,
,,,,,,,,,,,,,,
21,379,Kendrapara,1901," 459,224 ",                       --- ,                    --- ," 222,064 "," 237,160 ",,,,,,
,,,1911," 470,355 ","+11,131    ",+2.42          ," 223,895 "," 246,460 ",,,,,,
,,,1921," 457,135 ","-13,220 ",-2.81 ," 211,687 "," 245,448 ",,,,,,
,,,1931," 486,625 ","+29,490    ",+6.45          ," 230,445 "," 256,180 ",,,,,,
,,,1941," 509,546 ","+22,921    ",+4.71          ," 244,560 "," 264,986 ",,,,,,
,,,1951," 526,472 ","+16,926    ",+3.32          ," 258,329 "," 268,143 ",,,,,,
,,,1961," 649,457 ","+122,985    ",+23.36          ," 321,504 "," 327,953 ",,,,,,
,,,1971," 823,451 ","+173,994    ",+26.79          ," 409,537 "," 413,914 ",,,,,,
,,,1981," 981,219 ","+157,768    ",+19.16          ," 490,570 "," 490,649 ",,,,,,
,,,1991," 1,149,501 ","+168,282    ",+17.15          ," 572,703 "," 576,798 ",,,,,,
,,,2001," 1,302,005 ","+152,504    ",+13.27          ," 646,438 "," 655,567 ",,,,,,
,,,2011," 1,440,361 ","+138,356    ",+10.63          ," 717,814 "," 722,547 ",,,,,,
,,,,,,,,,,,,,,
21,380, Jagatsinghapur,1901," 385,140 ",                       --- ,                    --- ," 186,239 "," 198,901 ",,,,,,
,,,1911," 394,474 ","+9,334    ",+2.42          ," 187,775 "," 206,699 ",,,,,,
,,,1921," 383,388 ","-11,086 ",-2.81 ," 177,536 "," 205,852 ",,,,,,
,,,1931," 408,121 ","+24,733    ",+6.45          ," 193,269 "," 214,852 ",,,,,,
,,,1941," 427,344 ","+19,223    ",+4.71          ," 205,107 "," 222,237 ",,,,,,
,,,1951," 441,539 ","+14,195    ",+3.32          ," 215,209 "," 226,330 ",,,,,,
,,,1961," 522,197 ","+80,658    ",+18.27          ," 254,800 "," 267,397 ",,,,,,
,,,1971," 641,238 ","+119,041    ",+22.80          ," 317,974 "," 323,264 ",,,,,,
,,,1981," 791,717 ","+150,479    ",+23.47          ," 398,776 "," 392,941 ",,,,,,
,,,1991," 934,045 ","+142,328    ",+17.98          ," 472,536 "," 461,509 ",,,,,,
,,,2001," 1,057,891 ","+123,846    ",+13.26          ," 539,021 "," 518,870 ",,,,,,
,,,2011," 1,136,971 ","+79,080    ",+7.48          ," 577,865 "," 559,106 ",,,,,,
,,,,,,,,,,,,,,
21,381,Cuttack,1901," 816,086 ",                       --- ,                    --- ," 394,629 "," 421,457 ",,,,,,
,,,1911," 835,867 ","+19,781    ",+2.42          ," 397,883 "," 437,984 ",,,,,,
,,,1921," 812,372 ","-23,495 ",-2.81 ," 376,187 "," 436,185 ",,,,,,
,,,1931," 864,780 ","+52,408    ",+6.45          ," 409,522 "," 455,258 ",,,,,,
,,,1941," 905,515 ","+40,735    ",+4.71          ," 434,608 "," 470,907 ",,,,,,
,,,1951," 935,593 ","+30,078    ",+3.32          ," 470,989 "," 464,604 ",,,,,,
,,,1961," 1,131,236 ","+195,643    ",+20.91          ," 581,283 "," 549,953 ",,,,,,
,,,1971," 1,414,425 ","+283,189    ",+25.03          ," 726,630 "," 687,795 ",,,,,,
,,,1981," 1,719,771 ","+305,346    ",+21.59          ," 887,807 "," 831,964 ",,,,,,
,,,1991," 2,052,936 ","+333,165    ",+19.37          ," 1,068,345 "," 984,591 ",,,,,,
,,,2001," 2,340,832 ","+287,896    ",+14.02          ," 1,207,641 "," 1,133,191 ",,,,,,
,,,2011," 2,624,470 ","+283,638    ",+12.12          ," 1,352,760 "," 1,271,710 ",,,,,,
,,,,,,,,,,,,,,
21,382,Jajapur,1901," 544,846 ",                       --- ,                    --- ," 263,467 "," 281,379 ",,,,,,
,,,1911," 558,053 ","+13,207    ",+2.42          ," 265,641 "," 292,412 ",,,,,,
,,,1921," 542,368 ","-15,685 ",-2.81 ," 251,156 "," 291,212 ",,,,,,
,,,1931," 577,357 ","+34,989    ",+6.45          ," 273,412 "," 303,945 ",,,,,,
,,,1941," 604,551 ","+27,194    ",+4.71          ," 290,158 "," 314,393 ",,,,,,
,,,1951," 624,633 ","+20,082    ",+3.32          ," 303,824 "," 320,809 ",,,,,,
,,,1961," 760,182 ","+135,549    ",+21.70          ," 374,996 "," 385,186 ",,,,,,
,,,1971," 948,564 ","+188,382    ",+24.78          ," 472,892 "," 475,672 ",,,,,,
,,,1981," 1,136,093 ","+187,529    ",+19.77          ," 569,537 "," 566,556 ",,,,,,
,,,1991," 1,386,177 ","+250,084    ",+22.01          ," 701,005 "," 685,172 ",,,,,,
,,,2001," 1,624,341 ","+238,164    ",+17.18          ," 823,747 "," 800,594 ",,,,,,
,,,2011," 1,827,192 ","+202,851    ",+12.49          ," 926,034 "," 901,158 ",,,,,,
,,,,,,,,,,,,,,
21,383,Dhenkanal,1901," 292,497 ",                       --- ,                    --- ," 144,785 "," 147,712 ",,,,,,
,,,1911," 302,120 ","+9,623    ",+3.29          ," 148,471 "," 153,649 ",,,,,,
,,,1921," 263,405 ","-38,715 ",-12.81 ," 127,033 "," 136,372 ",,,,,,
,,,1931," 324,991 ","+61,586    ",+23.38          ," 158,273 "," 166,718 ",,,,,,
,,,1941," 379,327 ","+54,336    ",+16.72          ," 186,827 "," 192,500 ",,,,,,
,,,1951," 429,097 ","+49,770    ",+13.12          ," 211,515 "," 217,582 ",,,,,,
,,,1961," 526,520 ","+97,423    ",+22.70          ," 263,136 "," 263,384 ",,,,,,
,,,1971," 665,377 ","+138,857    ",+26.37          ," 336,105 "," 329,272 ",,,,,,
,,,1981," 797,053 ","+131,676    ",+19.79          ," 405,303 "," 391,750 ",,,,,,
,,,1991," 947,870 ","+150,817    ",+18.92          ," 485,176 "," 462,694 ",,,,,,
,,,2001," 1,066,878 ","+119,008    ",+12.56          ," 544,001 "," 522,877 ",,,,,,
,,,2011," 1,192,811 ","+125,933    ",+11.80          ," 612,593 "," 580,218 ",,,,,,
,,,,,,,,,,,,,,
21,384,Anugul,1901," 278,144 ",                       --- ,                    --- ," 137,681 "," 140,463 ",,,,,,
,,,1911," 287,294 ","+9,150    ",+3.29          ," 141,185 "," 146,109 ",,,,,,
,,,1921," 250,480 ","-36,814 ",-12.81 ," 120,800 "," 129,680 ",,,,,,
,,,1931," 309,044 ","+58,564    ",+23.38          ," 150,506 "," 158,538 ",,,,,,
,,,1941," 360,714 ","+51,670    ",+16.72          ," 177,660 "," 183,054 ",,,,,,
,,,1951," 408,041 ","+47,327    ",+13.12          ," 203,472 "," 204,569 ",,,,,,
,,,1961," 500,033 ","+91,992    ",+22.54          ," 252,484 "," 247,549 ",,,,,,
,,,1971," 628,537 ","+128,504    ",+25.70          ," 318,229 "," 310,308 ",,,,,,
,,,1981," 785,734 ","+157,197    ",+25.01          ," 403,127 "," 382,607 ",,,,,,
,,,1991," 961,037 ","+175,303    ",+22.31          ," 494,901 "," 466,136 ",,,,,,
,,,2001," 1,140,003 ","+178,966    ",+18.62          ," 587,234 "," 552,769 ",,,,,,
,,,2011," 1,273,821 ","+133,818    ",+11.74          ," 655,718 "," 618,103 ",,,,,,
,,,,,,,,,,,,,,
21,385,Nayagarh,1901," 331,061 ",                       --- ,                    --- ," 164,828 "," 166,233 ",,,,,,
,,,1911," 337,561 ","+6,500    ",+1.96          ," 166,831 "," 170,730 ",,,,,,
,,,1921," 303,665 ","-33,896 ",-10.04 ," 144,840 "," 158,825 ",,,,,,
,,,1931," 336,493 ","+32,828    ",+10.81          ," 161,896 "," 174,597 ",,,,,,
,,,1941," 363,652 ","+27,159    ",+8.07          ," 174,693 "," 188,959 ",,,,,,
,,,1951," 392,506 ","+28,854    ",+7.93          ," 191,614 "," 200,892 ",,,,,,
,,,1961," 470,878 ","+78,372    ",+19.97          ," 233,001 "," 237,877 ",,,,,,
,,,1971," 578,498 ","+107,620    ",+22.86          ," 290,089 "," 288,409 ",,,,,,
,,,1981," 683,392 ","+104,894    ",+18.13          ," 346,613 "," 336,779 ",,,,,,
,,,1991," 782,647 ","+99,255    ",+14.52          ," 399,701 "," 382,946 ",,,,,,
,,,2001," 864,516 ","+81,869    ",+10.46          ," 446,177 "," 418,339 ",,,,,,
,,,2011," 962,789 ","+98,273    ",+11.37          ," 502,636 "," 460,153 ",,,,,,
,,,,,,,,,,,,,,
21,386,Khordha,1901," 470,409 ",                       --- ,                    --- ," 234,206 "," 236,203 ",,,,,,
,,,1911," 479,645 ","+9,236    ",+1.96          ," 237,052 "," 242,593 ",,,,,,
,,,1921," 431,482 ","-48,163 ",-10.04 ," 205,805 "," 225,677 ",,,,,,
,,,1931," 478,128 ","+46,646    ",+10.81          ," 230,041 "," 248,087 ",,,,,,
,,,1941," 516,719 ","+38,591    ",+8.07          ," 248,224 "," 268,495 ",,,,,,
,,,1951," 557,718 ","+40,999    ",+7.93          ," 272,632 "," 285,086 ",,,,,,
,,,1961," 658,073 ","+100,355    ",+17.99          ," 326,593 "," 331,480 ",,,,,,
,,,1971," 858,554 ","+200,481    ",+30.46          ," 437,060 "," 421,494 ",,,,,,
,,,1981," 1,132,182 ","+273,628    ",+31.87          ," 582,885 "," 549,297 ",,,,,,
,,,1991," 1,502,014 ","+369,832    ",+32.67          ," 789,334 "," 712,680 ",,,,,,
,,,2001," 1,877,395 ","+375,381    ",+24.99          ," 986,886 "," 890,509 ",,,,,,
,,,2011," 2,251,673 ","+374,278    ",+19.94          ," 1,167,137 "," 1,084,536 ",,,,,,
,,,,,,,,,,,,,,
21,387,Puri,1901," 527,283 ",                       --- ,                    --- ," 262,522 "," 264,761 ",,,,,,
,,,1911," 537,636 ","+10,353    ",+1.96          ," 265,713 "," 271,923 ",,,,,,
,,,1921," 483,649 ","-53,987 ",-10.04 ," 230,688 "," 252,961 ",,,,,,
,,,1931," 535,934 ","+52,285    ",+10.81          ," 257,854 "," 278,080 ",,,,,,
,,,1941," 579,192 ","+43,258    ",+8.07          ," 278,236 "," 300,956 ",,,,,,
,,,1951," 625,148 ","+45,956    ",+7.93          ," 312,472 "," 312,676 ",,,,,,
,,,1961," 736,118 ","+110,970    ",+17.75          ," 370,949 "," 365,169 ",,,,,,
,,,1971," 903,807 ","+167,689    ",+22.78          ," 456,689 "," 447,118 ",,,,,,
,,,1981," 1,105,471 ","+201,664    ",+22.31          ," 560,713 "," 544,758 ",,,,,,
,,,1991," 1,305,365 ","+199,894    ",+18.08          ," 662,764 "," 642,601 ",,,,,,
,,,2001," 1,502,682 ","+197,317    ",+15.12          ," 763,389 "," 739,293 ",,,,,,
,,,2011," 1,698,730 ","+196,048    ",+13.05          ," 865,380 "," 833,350 ",,,,,,
,,,,,,,,,,,,,,
21,388,Ganjam,1901," 957,123 ",                       --- ,                    --- ," 451,592 "," 505,531 ",,,,,,
,,,1911," 1,064,172 ","+107,049    ",+11.18          ," 492,889 "," 571,283 ",,,,,,
,,,1921," 1,029,623 ","-34,549 ",-3.25 ," 463,149 "," 566,474 ",,,,,,
,,,1931," 1,165,908 ","+136,285    ",+13.24          ," 532,234 "," 633,674 ",,,,,,
,,,1941," 1,308,056 ","+142,148    ",+12.19          ," 603,031 "," 705,025 ",,,,,,
,,,1951," 1,361,831 ","+53,775    ",+4.11          ," 640,184 "," 721,647 ",,,,,,
,,,1961," 1,587,461 ","+225,630    ",+16.57          ," 758,688 "," 828,773 ",,,,,,
,,,1971," 1,944,844 ","+357,383    ",+22.51          ," 950,879 "," 993,965 ",,,,,,
,,,1981," 2,267,628 ","+322,784    ",+16.60          ," 1,115,643 "," 1,151,985 ",,,,,,
,,,1991," 2,704,056 ","+436,428    ",+19.25          ," 1,348,042 "," 1,356,014 ",,,,,,
,,,2001," 3,160,635 ","+456,579    ",+16.88          ," 1,581,986 "," 1,578,649 ",,,,,,
,,,2011," 3,529,031 ","+368,396    ",+11.66          ," 1,779,218 "," 1,749,813 ",,,,,,
,,,,,,,,,,,,,,
21,389,Gajapati,1901," 184,840 ",                       --- ,                    --- ," 87,212 "," 97,628 ",,,,,,
,,,1911," 205,514 ","+20,674    ",+11.18          ," 95,187 "," 110,327 ",,,,,,
,,,1921," 198,842 ","-6,672 ",-3.25 ," 89,444 "," 109,398 ",,,,,,
,,,1931," 225,161 ","+26,319    ",+13.24          ," 102,786 "," 122,375 ",,,,,,
,,,1941," 252,613 ","+27,452    ",+12.19          ," 116,458 "," 136,155 ",,,,,,
,,,1951," 262,998 ","+10,385    ",+4.11          ," 128,876 "," 134,122 ",,,,,,
,,,1961," 285,069 ","+22,071    ",+8.39          ," 140,641 "," 144,428 ",,,,,,
,,,1971," 348,964 ","+63,895    ",+22.41          ," 172,281 "," 176,683 ",,,,,,
,,,1981," 402,271 ","+53,307    ",+15.28          ," 198,877 "," 203,394 ",,,,,,
,,,1991," 454,708 ","+52,437    ",+13.04          ," 224,329 "," 230,379 ",,,,,,
,,,2001," 518,837 ","+64,129    ",+14.10          ," 255,423 "," 263,414 ",,,,,,
,,,2011," 577,817 ","+58,980    ",+11.37          ," 282,882 "," 294,935 ",,,,,,
,,,,,,,,,,,,,,
21,390,Kandhamal,1901," 211,421 ",                       --- ,                    --- ," 105,038 "," 106,383 ",,,,,,
,,,1911," 239,272 ","+27,851    ",+13.17          ," 118,857 "," 120,415 ",,,,,,
,,,1921," 238,206 ","-1,066 ",-0.45 ," 118,063 "," 120,143 ",,,,,,
,,,1931," 260,557 ","+22,351    ",+9.38          ," 128,876 "," 131,681 ",,,,,,
,,,1941," 284,855 ","+24,298    ",+9.33          ," 140,947 "," 143,908 ",,,,,,
,,,1951," 289,182 ","+4,327    ",+1.52          ," 142,784 "," 146,398 ",,,,,,
,,,1961," 323,991 ","+34,809    ",+12.04          ," 159,989 "," 164,002 ",,,,,,
,,,1971," 393,773 ","+69,782    ",+21.54          ," 195,657 "," 198,116 ",,,,,,
,,,1981," 448,914 ","+55,141    ",+14.0          ," 223,859 "," 225,055 ",,,,,,
,,,1991," 546,281 ","+97,367    ",+21.69          ," 273,234 "," 273,047 ",,,,,,
,,,2001," 648,201 ","+101,920    ",+18.66          ," 322,799 "," 325,402 ",,,,,,
,,,2011," 733,110 ","+84,909    ",+13.10          ," 359,945 "," 373,165 ",,,,,,
,,,,,,,,,,,,,,
21,391,Baudh,1901," 122,615 ",                       --- ,                    --- ," 60,917 "," 61,698 ",,,,,,
,,,1911," 138,767 ","+16,152    ",+13.17          ," 68,932 "," 69,835 ",,,,,,
,,,1921," 138,149 ",-618 ,-0.45 ," 68,471 "," 69,678 ",,,,,,
,,,1931," 151,112 ","+12,963    ",+9.38          ," 74,742 "," 76,370 ",,,,,,
,,,1941," 165,204 ","+14,092    ",+9.33          ," 81,743 "," 83,461 ",,,,,,
,,,1951," 167,713 ","+2,509    ",+1.52          ," 83,954 "," 83,759 ",,,,,,
,,,1961," 190,436 ","+22,723    ",+13.55          ," 95,696 "," 94,740 ",,,,,,
,,,1971," 227,902 ","+37,466    ",+19.67          ," 114,576 "," 113,326 ",,,,,,
,,,1981," 268,366 ","+40,464    ",+17.75          ," 135,003 "," 133,363 ",,,,,,
,,,1991," 317,622 ","+49,256    ",+18.35          ," 159,860 "," 157,762 ",,,,,,
,,,2001," 373,372 ","+55,750    ",+17.55          ," 188,155 "," 185,217 ",,,,,,
,,,2011," 441,162 ","+67,790    ",+18.16          ," 221,625 "," 219,537 ",,,,,,
,,,,,,,,,,,,,,
21,392,Subarnapur  ,1901," 117,731 ",                       --- ,                    --- ," 57,668 "," 60,063 ",,,,,,
,,,1911," 164,230 ","+46,499    ",+39.50          ," 80,910 "," 83,320 ",,,,,,
,,,1921," 189,687 ","+25,457    ",+15.50          ," 93,544 "," 96,143 ",,,,,,
,,,1931," 211,684 ","+21,997    ",+11.60          ," 104,514 "," 107,170 ",,,,,,
,,,1941," 229,296 ","+17,612    ",+8.32          ," 113,509 "," 115,787 ",,,,,,
,,,1951," 241,413 ","+12,117    ",+5.28          ," 119,986 "," 121,427 ",,,,,,
,,,1961," 274,515 ","+33,102    ",+13.71          ," 136,868 "," 137,647 ",,,,,,
,,,1971," 322,578 ","+48,063    ",+17.51          ," 161,836 "," 160,742 ",,,,,,
,,,1981," 397,386 ","+74,808    ",+23.19          ," 200,249 "," 197,137 ",,,,,,
,,,1991," 476,815 ","+79,429    ",+19.99          ," 240,985 "," 235,830 ",,,,,,
,,,2001," 541,835 ","+65,020    ",+13.64          ," 275,601 "," 266,234 ",,,,,,
,,,2011," 610,183 ","+68,348    ",+12.61          ," 311,312 "," 298,871 ",,,,,,
,,,,,,,,,,,,,,
,,,,,,,,,,,,,,
21,393,Balangir,1901," 329,894 ",                       --- ,                    --- ," 161,590 "," 168,304 ",,,,,,
,,,1911," 460,187 ","+130,293    ",+39.50          ," 226,716 "," 233,471 ",,,,,,
,,,1921," 531,520 ","+71,333    ",+15.50          ," 262,117 "," 269,403 ",,,,,,
,,,1931," 593,160 ","+61,640    ",+11.60          ," 292,858 "," 300,302 ",,,,,,
,,,1941," 642,508 ","+49,348    ",+8.32          ," 318,064 "," 324,444 ",,,,,,
,,,1951," 676,462 ","+33,954    ",+5.28          ," 336,620 "," 339,842 ",,,,,,
,,,1961," 794,171 ","+117,709    ",+17.40          ," 397,351 "," 396,820 ",,,,,,
,,,1971," 941,079 ","+146,908    ",+18.50          ," 472,129 "," 468,950 ",,,,,,
,,,1981," 1,061,727 ","+120,648    ",+12.82          ," 532,189 "," 529,538 ",,,,,,
,,,1991," 1,230,938 ","+169,211    ",+15.94          ," 621,486 "," 609,452 ",,,,,,
,,,2001," 1,337,194 ","+106,256    ",+8.63          ," 673,985 "," 663,209 ",,,,,,
,,,2011," 1,648,997 ","+311,803    ",+23.32          ," 830,097 "," 818,900 ",,,,,,
,,,,,,,,,,,,,,
21,394,Nuapada,1901," 122,559 ",                       --- ,                    --- ," 61,165 "," 61,394 ",,,,,,
,,,1911," 147,489 ","+24,930    ",+20.34          ," 72,875 "," 74,614 ",,,,,,
,,,1921," 150,180 ","+2,691    ",+1.82          ," 73,962 "," 76,218 ",,,,,,
,,,1931," 178,787 ","+28,607    ",+19.05          ," 87,838 "," 90,949 ",,,,,,
,,,1941," 203,379 ","+24,592    ",+13.75          ," 99,941 "," 103,438 ",,,,,,
,,,1951," 219,850 ","+16,471    ",+8.10          ," 109,339 "," 110,511 ",,,,,,
,,,1961," 267,272 ","+47,422    ",+21.57          ," 132,399 "," 134,873 ",,,,,,
,,,1971," 338,894 ","+71,622    ",+26.80          ," 168,514 "," 170,380 ",,,,,,
,,,1981," 392,683 ","+53,789    ",+15.87          ," 195,105 "," 197,578 ",,,,,,
,,,1991," 469,482 ","+76,799    ",+19.56          ," 234,462 "," 235,020 ",,,,,,
,,,2001," 530,690 ","+61,208    ",+13.04          ," 264,396 "," 266,294 ",,,,,,
,,,2011," 610,382 ","+79,692    ",+15.02          ," 301,962 "," 308,420 ",,,,,,
,,,,,,,,,,,,,,
21,395,Kalahandi,1901," 326,578 ",                       --- ,                    --- ," 162,985 "," 163,593 ",,,,,,
,,,1911," 393,006 ","+66,428    ",+20.34          ," 194,187 "," 198,819 ",,,,,,
,,,1921," 400,178 ","+7,172    ",+1.82          ," 197,083 "," 203,095 ",,,,,,
,,,1931," 476,407 ","+76,229    ",+19.05          ," 234,058 "," 242,349 ",,,,,,
,,,1941," 541,934 ","+65,527    ",+13.75          ," 266,309 "," 275,625 ",,,,,,
,,,1951," 585,825 ","+43,891    ",+8.10          ," 289,639 "," 296,186 ",,,,,,
,,,1961," 679,602 ","+93,777    ",+16.01          ," 336,367 "," 343,235 ",,,,,,
,,,1971," 824,975 ","+145,373    ",+21.39          ," 410,415 "," 414,560 ",,,,,,
,,,1981," 946,509 ","+121,534    ",+14.73          ," 471,058 "," 475,451 ",,,,,,
,,,1991," 1,130,903 ","+184,394    ",+19.48          ," 565,595 "," 565,308 ",,,,,,
,,,2001," 1,335,494 ","+204,591    ",+18.09          ," 667,526 "," 667,968 ",,,,,,
,,,2011," 1,576,869 ","+241,375    ",+18.07          ," 787,101 "," 789,768 ",,,,,,
,,,,,,,,,,,,,,
21,396,Rayagada,1901," 186,480 ",                       --- ,                    --- ," 94,842 "," 91,638 ",,,,,,
,,,1911," 224,190 ","+37,710    ",+20.22          ," 112,179 "," 112,011 ",,,,,,
,,,1921," 217,200 ","-6,990 ",-3.12 ," 108,613 "," 108,587 ",,,,,,
,,,1931," 256,152 ","+38,952    ",+17.93          ," 127,843 "," 128,309 ",,,,,,
,,,1941," 303,663 ","+47,511    ",+18.55          ," 152,134 "," 151,529 ",,,,,,
,,,1951," 341,241 ","+37,578    ",+12.37          ," 169,917 "," 171,324 ",,,,,,
,,,1961," 403,471 ","+62,230    ",+18.24          ," 200,734 "," 202,737 ",,,,,,
,,,1971," 511,333 ","+107,862    ",+26.73          ," 255,137 "," 256,196 ",,,,,,
,,,1981," 608,751 ","+97,418    ",+19.05          ," 301,405 "," 307,346 ",,,,,,
,,,1991," 713,984 ","+105,233    ",+17.29          ," 354,911 "," 359,073 ",,,,,,
,,,2001," 831,109 ","+117,125    ",+16.40          ," 409,792 "," 421,317 ",,,,,,
,,,2011," 967,911 ","+136,802    ",+16.46          ," 471,960 "," 495,951 ",,,,,,
,,,,,,,,,,,,,,
21,397,Nabarangapur,1901," 180,597 ",                       --- ,                    --- ," 91,850 "," 88,747 ",,,,,,
,,,1911," 217,118 ","+36,521    ",+20.22          ," 108,641 "," 108,477 ",,,,,,
,,,1921," 210,348 ","-6,770 ",-3.12 ," 105,187 "," 105,161 ",,,,,,
,,,1931," 248,072 ","+37,724    ",+17.93          ," 123,811 "," 124,261 ",,,,,,
,,,1941," 294,084 ","+46,012    ",+18.55          ," 147,335 "," 146,749 ",,,,,,
,,,1951," 330,476 ","+36,392    ",+12.37          ," 166,600 "," 163,876 ",,,,,,
,,,1961," 422,325 ","+91,849    ",+27.79          ," 213,062 "," 209,263 ",,,,,,
,,,1971," 547,944 ","+125,619    ",+29.74          ," 276,319 "," 271,625 ",,,,,,
,,,1981," 681,579 ","+133,635    ",+24.39          ," 342,270 "," 339,309 ",,,,,,
,,,1991," 846,659 ","+165,080    ",+24.22          ," 425,759 "," 420,900 ",,,,,,
,,,2001," 1,025,766 ","+179,107    ",+21.15          ," 515,162 "," 510,604 ",,,,,,
,,,2011," 1,220,946 ","+195,180    ",+19.03          ," 604,812 "," 616,134 ",,,,,,
,,,,,,,,,,,,,,
21,398,Koraput,1901," 297,440 ",                       --- ,                    --- ," 151,277 "," 146,163 ",,,,,,
,,,1911," 357,588 ","+60,148    ",+20.22          ," 178,928 "," 178,660 ",,,,,,
,,,1921," 346,438 ","-11,150 ",-3.12 ," 173,241 "," 173,197 ",,,,,,
,,,1931," 408,568 ","+62,130    ",+17.93          ," 203,913 "," 204,655 ",,,,,,
,,,1941," 484,348 ","+75,780    ",+18.55          ," 242,657 "," 241,691 ",,,,,,
,,,1951," 544,286 ","+59,938    ",+12.37          ," 274,742 "," 269,544 ",,,,,,
,,,1961," 593,300 ","+49,014    ",+9.01          ," 299,441 "," 293,859 ",,,,,,
,,,1971," 715,139 ","+121,839    ",+20.54          ," 361,519 "," 353,620 ",,,,,,
,,,1981," 858,506 ","+143,367    ",+20.05          ," 431,861 "," 426,645 ",,,,,,
,,,1991," 1,029,577 ","+171,071    ",+19.93          ," 517,074 "," 512,503 ",,,,,,
,,,2001," 1,180,637 ","+151,060    ",+14.67          ," 590,743 "," 589,894 ",,,,,,
,,,2011," 1,379,647 ","+199,010    ",+16.86          ," 678,809 "," 700,838 ",,,,,,
,,,,,,,,,,,,,,
21,399,Malkangiri,1901," 58,275 ",                       --- ,                    --- ," 29,638 "," 28,637 ",,,,,,
,,,1911," 70,059 ","+11,784    ",+20.22          ," 35,056 "," 35,003 ",,,,,,
,,,1921," 67,874 ","-2,185 ",-3.12 ," 33,941 "," 33,933 ",,,,,,
,,,1931," 80,047 ","+12,173    ",+17.93          ," 39,951 "," 40,096 ",,,,,,
,,,1941," 94,894 ","+14,847    ",+18.55          ," 47,542 "," 47,352 ",,,,,,
,,,1951," 106,637 ","+11,743    ",+12.37          ," 52,917 "," 53,720 ",,,,,,
,,,1961," 141,955 ","+35,318    ",+33.12          ," 71,041 "," 70,914 ",,,,,,
,,,1971," 268,865 ","+126,910    ",+89.40          ," 138,858 "," 130,007 ",,,,,,
,,,1981," 335,169 ","+66,304    ",+24.66          ," 170,842 "," 164,327 ",,,,,,
,,,1991," 422,326 ","+87,157    ",+26.0          ," 212,776 "," 209,550 ",,,,,,
,,,2001," 504,198 ","+81,872    ",+19.39          ," 252,507 "," 251,691 ",,,,,,
,,,2011," 613,192 ","+108,994    ",+21.62          ," 303,624 "," 309,568 ",,,,,,
,,,,,,,,,,,,,,
,,,,,,,,,,,,,,
,,,,,,,,,,,,,,
,,,,,,,,,,,,,,
,,,,,,,,,,,,,,
,,,,,,,,,,,,,,
,,,,,,,,,,,,,,
,,,,,,,,,,,,,,
,,,,,,,,,,,,,,
,,,,,,,,,,,,,,
,,,,,,,,,,,,,,
,,,,,,,,,,,,,,
,,,,,,,,,,,,,,
,,,,,,,,,,,,,,
,,,,,,,,,,,,,,
,,,,,,,,,,,,,,
,,,,,,,,,,,,,,
,,,,,,,,,,,,,,
,,,,,,,,,,,,,,
,,,,,,,,,,,,,,
,,,,,,,,,,,,,,
,,,,,,,,,,,,,,
,,,,,,,,,,,,,,
,,,,,,,,,,,,,,
,,,,,,,,,,,,,,
,,,,,,,,,,,,,,
,,,,,,,,,,,,,,
,,,,,,,,,,,,,,
,,,,,,,,,,,,,,
,,,,,,,,,,,,,,
,,,,,,,,,,,,,,
,,,,,,,,,,,,,,
,,,,,,,,,,,,,,
,,,,,,,,,,,,,,
,,,,,,,,,,,,,,
,,,,,,,,,,,,,,
,,,,,,,,,,,,,,
,,,,,,,,,,,,,,
,,,,,,,,,,,,,,
,,,,,,,,,,,,,,
,,,,,,,,,,,,,,
,,,,,,,,,,,,,,
,,,,,,,,,,,,,,
,,,,,,,,,,,,,,
,,,,,,,,,,,,,,
,,,,,,,,,,,,,,
,,,,,,,,,,,,,,
,,,,,,,,,,,,,,
,,,,,,,,,,,,,,
,,,,,,,,,,,,,,
,,,,,,,,,,,,,,
,,,,,,,,,,,,,,
,,,,,,,,,,,,,,
,,,,,,,,,,,,,,
,,,,,,,,,,,,,,
,,,,,,,,,,,,,,
,,,,,,,,,,,,,,
,,,,,,,,,,,,,,
,,,,,,,,,,,,,,
,,,,,,,,,,,,,,
,,,,,,,,,,,,,,
,,,,,,,,,,,,,,
,,,,,,,,,,,,,,
,,,,,,,,,,,,,,
,,,,,,,,,,,,,,
,,,,,,,,,,,,,,
,,,,,,,,,,,,,,
,,,,,,,,,,,,,,
,,,,,,,,,,,,,,
,,,,,,,,,,,,,,
,,,,,,,,,,,,,,
,,,,,,,,,,,,,,
,,,,,,,,,,,,,,
,,,,,,,,,,,,,,
,,,,,,,,,,,,,,
,,,,,,,,,,,,,,
,,,,,,,,,,,,,,
,,,,,,,,,,,,,,
,,,,,,,,,,,,,,
,,,,,,,,,,,,,,
,,,,,,,,,,,,,,
,,,,,,,,,,,,,,
,,,,,,,,,,,,,,
,,,,,,,,,,,,,,
,,,,,,,,,,,,,,
,,,,,,,,,,,,,,
,,,,,,,,,,,,,,
,,,,,,,,,,,,,,
,,,,,,,,,,,,,,
,,,,,,,,,,,,,,
,,,,,,,,,,,,,,
,,,,,,,,,,,,,,
,,,,,,,,,,,,,,
,,,,,,,,,,,,,,
,,,,,,,,,,,,,,
,,,,,,,,,,,,,,
,,,,,,,,,,,,,,
,,,,,,,,,,,,,,
,,,,,,,,,,,,,,
,,,,,,,,,,,,,,
,,,,,,,,,,,,,,
,,,,,,,,,,,,,,
,,,,,,,,,,,,,,
,,,,,,,,,,,,,,
,,,,,,,,,,,,,,
,,,,,,,,,,,,,,
,,,,,,,,,,,,,,
,,,,,,,,,,,,,,
,,,,,,,,,,,,,,
,,,,,,,,,,,,,,
,,,,,,,,,,,,,,
,,,,,,,,,,,,,,
,,,,,,,,,,,,,,
,,,,,,,,,,,,,,
,,,,,,,,,,,,,,
,,,,,,,,,,,,,,
,,,,,,,,,,,,,,
,,,,,,,,,,,,,,
,,,,,,,,,,,,,,
,,,,,,,,,,,,,,
,,,,,,,,,,,,,,
,,,,,,,,,,,,,,
,,,,,,,,,,,,,,
,,,,,,,,,,,,,,
,,,,,,,,,,,,,,
,,,,,,,,,,,,,,
,,,,,,,,,,,,,,
,,,,,,,,,,,,,,
,,,,,,,,,,,,,,
,,,,,,,,,,,,,,
,,,,,,,,,,,,,,
,,,,,,,,,,,,,,
,,,,,,,,,,,,,,
,,,,,,,,,,,,,,
,,,,,,,,,,,,,,
,,,,,,,,,,,,,,
,,,,,,,,,,,,,,
,,,,,,,,,,,,,,
,,,,,,,,,,,,,,
,,,,,,,,,,,,,,
,,,,,,,,,,,,,,
,,,,,,,,,,,,,,
,,,,,,,,,,,,,,
,,,,,,,,,,,,,,
,,,,,,,,,,,,,,
,,,,,,,,,,,,,,
,,,,,,,,,,,,,,
,,,,,,,,,,,,,,
,,,,,,,,,,,,,,
,,,,,,,,,,,,,,
,,,,,,,,,,,,,,
,,,,,,,,,,,,,,
,,,,,,,,,,,,,,
,,,,,,,,,,,,,,
,,,,,,,,,,,,,,
,,,,,,,,,,,,,,
,,,,,,,,,,,,,,
,,,,,,,,,,,,,,
,,,,,,,,,,,,,,
,,,,,,,,,,,,,,
,,,,,,,,,,,,,,
,,,,,,,,,,,,,,
,,,,,,,,,,,,,,
,,,,,,,,,,,,,,
,,,,,,,,,,,,,,
,,,,,,,,,,,,,,
,,,,,,,,,,,,,,
,,,,,,,,,,,,,,
,,,,,,,,,,,,,,
,,,,,,,,,,,,,,
,,,,,,,,,,,,,,
,,,,,,,,,,,,,,
,,,,,,,,,,,,,,
,,,,,,,,,,,,,,
,,,,,,,,,,,,,,
,,,,,,,,,,,,,,
,,,,,,,,,,,,,,
,,,,,,,,,,,,,,
,,,,,,,,,,,,,,
,,,,,,,,,,,,,,
,,,,,,,,,,,,,,
,,,,,,,,,,,,,,
,,,,,,,,,,,,,,
,,,,,,,,,,,,,,
,,,,,,,,,,,,,,
,,,,,,,,,,,,,,
,,,,,,,,,,,,,,
,,,,,,,,,,,,,,
,,,,,,,,,,,,,,
,,,,,,,,,,,,,,
,,,,,,,,,,,,,,
,,,,,,,,,,,,,,
,,,,,,,,,,,,,,
,,,,,,,,,,,,,,
,,,,,,,,,,,,,,
,,,,,,,,,,,,,,
,,,,,,,,,,,,,,
,,,,,,,,,,,,,,
,,,,,,,,,,,,,,
,,,,,,,,,,,,,,
,,,,,,,,,,,,,,
,,,,,,,,,,,,,,
,,,,,,,,,,,,,,
,,,,,,,,,,,,,,
,,,,,,,,,,,,,,
,,,,,,,,,,,,,,
,,,,,,,,,,,,,,
,,,,,,,,,,,,,,
,,,,,,,,,,,,,,
,,,,,,,,,,,,,,
,,,,,,,,,,,,,,
,,,,,,,,,,,,,,
,,,,,,,,,,,,,,
,,,,,,,,,,,,,,
,,,,,,,,,,,,,,
,,,,,,,,,,,,,,
,,,,,,,,,,,,,,
,,,,,,,,,,,,,,
,,,,,,,,,,,,,,
,,,,,,,,,,,,,,
,,,,,,,,,,,,,,
,,,,,,,,,,,,,,
,,,,,,,,,,,,,,
,,,,,,,,,,,,,,
,,,,,,,,,,,,,,
,,,,,,,,,,,,,,
,,,,,,,,,,,,,,
,,,,,,,,,,,,,,
,,,,,,,,,,,,,,
,,,,,,,,,,,,,,
,,,,,,,,,,,,,,
,,,,,,,,,,,,,,
,,,,,,,,,,,,,,
,,,,,,,,,,,,,,
,,,,,,,,,,,,,,
,,,,,,,,,,,,,,
,,,,,,,,,,,,,,
,,,,,,,,,,,,,,
,,,,,,,,,,,,,,
,,,,,,,,,,,,,,
,,,,,,,,,,,,,,
,,,,,,,,,,,,,,
,,,,,,,,,,,,,,
,,,,,,,,,,,,,,
,,,,,,,,,,,,,,
,,,,,,,,,,,,,,
,,,,,,,,,,,,,,
,,,,,,,,,,,,,,
,,,,,,,,,,,,,,
,,,,,,,,,,,,,,
,,,,,,,,,,,,,,
,,,,,,,,,,,,,,
,,,,,,,,,,,,,,
,,,,,,,,,,,,,,
,,,,,,,,,,,,,,
,,,,,,,,,,,,,,
,,,,,,,,,,,,,,
,,,,,,,,,,,,,,
,,,,,,,,,,,,,,
,,,,,,,,,,,,,,
,,,,,,,,,,,,,,
,,,,,,,,,,,,,,
,,,,,,,,,,,,,,
,,,,,,,,,,,,,,
,,,,,,,,,,,,,,
,,,,,,,,,,,,,,
,,,,,,,,,,,,,,
,,,,,,,,,,,,,,
,,,,,,,,,,,,,,
,,,,,,,,,,,,,,
,,,,,,,,,,,,,,
,,,,,,,,,,,,,,
,,,,,,,,,,,,,,
,,,,,,,,,,,,,,
,,,,,,,,,,,,,,
,,,,,,,,,,,,,,
,,,,,,,,,,,,,,
,,,,,,,,,,,,,,
,,,,,,,,,,,,,,
,,,,,,,,,,,,,,
,,,,,,,,,,,,,,
,,,,,,,,,,,,,,
,,,,,,,,,,,,,,
,,,,,,,,,,,,,,
,,,,,,,,,,,,,,
,,,,,,,,,,,,,,
,,,,,,,,,,,,,,
,,,,,,,,,,,,,,
,,,,,,,,,,,,,,
,,,,,,,,,,,,,,
,,,,,,,,,,,,,,
,,,,,,,,,,,,,,
,,,,,,,,,,,,,,
,,,,,,,,,,,,,,
,,,,,,,,,,,,,,
,,,,,,,,,,,,,,
,,,,,,,,,,,,,,
,,,,,,,,,,,,,,
,,,,,,,,,,,,,,
,,,,,,,,,,,,,,
,,,,,,,,,,,,,,
,,,,,,,,,,,,,,
,,,,,,,,,,,,,,
,,,,,,,,,,,,,,
,,,,,,,,,,,,,,
,,,,,,,,,,,,,,
,,,,,,,,,,,,,,
,,,,,,,,,,,,,,
,,,,,,,,,,,,,,
,,,,,,,,,,,,,,
,,,,,,,,,,,,,,
,,,,,,,,,,,,,,
,,,,,,,,,,,,,,
,,,,,,,,,,,,,,
,,,,,,,,,,,,,,
,,,,,,,,,,,,,,
,,,,,,,,,,,,,,
,,,,,,,,,,,,,,
,,,,,,,,,,,,,,
,,,,,,,,,,,,,,
,,,,,,,,,,,,,,
,,,,,,,,,,,,,,
,,,,,,,,,,,,,,
,,,,,,,,,,,,,,
,,,,,,,,,,,,,,
,,,,,,,,,,,,,,
,,,,,,,,,,,,,,
,,,,,,,,,,,,,,
,,,,,,,,,,,,,,
,,,,,,,,,,,,,,
,,,,,,,,,,,,,,
,,,,,,,,,,,,,,
,,,,,,,,,,,,,,
,,,,,,,,,,,,,,
,,,,,,,,,,,,,,
,,,,,,,,,,,,,,
,,,,,,,,,,,,,,
,,,,,,,,,,,,,,
,,,,,,,,,,,,,,
,,,,,,,,,,,,,,
,,,,,,,,,,,,,,
,,,,,,,,,,,,,,
,,,,,,,,,,,,,,
,,,,,,,,,,,,,,
,,,,,,,,,,,,,,
,,,,,,,,,,,,,,
,,,,,,,,,,,,,,
,,,,,,,,,,,,,,
,,,,,,,,,,,,,,
,,,,,,,,,,,,,,
,,,,,,,,,,,,,,
,,,,,,,,,,,,,,
,,,,,,,,,,,,,,
,,,,,,,,,,,,,,
,,,,,,,,,,,,,,
,,,,,,,,,,,,,,
,,,,,,,,,,,,,,
,,,,,,,,,,,,,,
,,,,,,,,,,,,,,
,,,,,,,,,,,,,,
,,,,,,,,,,,,,,
,,,,,,,,,,,,,,
,,,,,,,,,,,,,,
,,,,,,,,,,,,,,
,,,,,,,,,,,,,,
,,,,,,,,,,,,,,
,,,,,,,,,,,,,,
,,,,,,,,,,,,,,
,,,,,,,,,,,,,,
,,,,,,,,,,,,,,
,,,,,,,,,,,,,,
,,,,,,,,,,,,,,
,,,,,,,,,,,,,,
,,,,,,,,,,,,,,
,,,,,,,,,,,,,,
,,,,,,,,,,,,,,
,,,,,,,,,,,,,,
,,,,,,,,,,,,,,
,,,,,,,,,,,,,,
,,,,,,,,,,,,,,
,,,,,,,,,,,,,,
,,,,,,,,,,,,,,
,,,,,,,,,,,,,,
,,,,,,,,,,,,,,
,,,,,,,,,,,,,,
,,,,,,,,,,,,,,
,,,,,,,,,,,,,,
,,,,,,,,,,,,,,
,,,,,,,,,,,,,,
,,,,,,,,,,,,,,
,,,,,,,,,,,,,,
,,,,,,,,,,,,,,
,,,,,,,,,,,,,,
,,,,,,,,,,,,,,
,,,,,,,,,,,,,,
,,,,,,,,,,,,,,
,,,,,,,,,,,,,,
,,,,,,,,,,,,,,
,,,,,,,,,,,,,,
,,,,,,,,,,,,,,
,,,,,,,,,,,,,,
,,,,,,,,,,,,,,
,,,,,,,,,,,,,,
,,,,,,,,,,,,,,
,,,,,,,,,,,,,,
,,,,,,,,,,,,,,
,,,,,,,,,,,,,,
,,,,,,,,,,,,,,
,,,,,,,,,,,,,,
,,,,,,,,,,,,,,
,,,,,,,,,,,,,,
,,,,,,,,,,,,,,
,,,,,,,,,,,,,,
,,,,,,,,,,,,,,
,,,,,,,,,,,,,,
,,,,,,,,,,,,,,
,,,,,,,,,,,,,,
,,,,,,,,,,,,,,
,,,,,,,,,,,,,,
,,,,,,,,,,,,,,
,,,,,,,,,,,,,,
,,,,,,,,,,,,,,
,,,,,,,,,,,,,,
,,,,,,,,,,,,,,
,,,,,,,,,,,,,,
,,,,,,,,,,,,,,
,,,,,,,,,,,,,,
,,,,,,,,,,,,,,
,,,,,,,,,,,,,,
,,,,,,,,,,,,,,
,,,,,,,,,,,,,,
,,,,,,,,,,,,,,
,,,,,,,,,,,,,,
,,,,,,,,,,,,,,
,,,,,,,,,,,,,,
,,,,,,,,,,,,,,
,,,,,,,,,,,,,,
,,,,,,,,,,,,,,
,,,,,,,,,,,,,,
,,,,,,,,,,,,,,
,,,,,,,,,,,,,,
,,,,,,,,,,,,,,
,,,,,,,,,,,,,,
,,,,,,,,,,,,,,
,,,,,,,,,,,,,,
,,,,,,,,,,,,,,
,,,,,,,,,,,,,,
,,,,,,,,,,,,,,
,,,,,,,,,,,,,,
,,,,,,,,,,,,,,
,,,,,,,,,,,,,,
,,,,,,,,,,,,,,
,,,,,,,,,,,,,,
,,,,,,,,,,,,,,
,,,,,,,,,,,,,,
,,,,,,,,,,,,,,
,,,,,,,,,,,,,,
,,,,,,,,,,,,,,
,,,,,,,,,,,,,,
,,,,,,,,,,,,,,
,,,,,,,,,,,,,,
,,,,,,,,,,,,,,
,,,,,,,,,,,,,,
,,,,,,,,,,,,,,
,,,,,,,,,,,,,,
,,,,,,,,,,,,,,
,,,,,,,,,,,,,,
,,,,,,,,,,,,,,
,,,,,,,,,,,,,,
,,,,,,,,,,,,,,
,,,,,,,,,,,,,,
,,,,,,,,,,,,,,
,,,,,,,,,,,,,,
,,,,,,,,,,,,,,
,,,,,,,,,,,,,,
,,,,,,,,,,,,,,
,,,,,,,,,,,,,,
,,,,,,,,,,,,,,
,,,,,,,,,,,,,,
,,,,,,,,,,,,,,
,,,,,,,,,,,,,,
,,,,,,,,,,,,,,
,,,,,,,,,,,,,,
,,,,,,,,,,,,,,
,,,,,,,,,,,,,,
,,,,,,,,,,,,,,
,,,,,,,,,,,,,,
,,,,,,,,,,,,,,
,,,,,,,,,,,,,,
,,,,,,,,,,,,,,
,,,,,,,,,,,,,,
,,,,,,,,,,,,,,
,,,,,,,,,,,,,,
,,,,,,,,,,,,,,
,,,,,,,,,,,,,,
,,,,,,,,,,,,,,
,,,,,,,,,,,,,,
,,,,,,,,,,,,,,
,,,,,,,,,,,,,,
,,,,,,,,,,,,,,
,,,,,,,,,,,,,,
,,,,,,,,,,,,,,
,,,,,,,,,,,,,,
,,,,,,,,,,,,,,
,,,,,,,,,,,,,,
,,,,,,,,,,,,,,
,,,,,,,,,,,,,,
,,,,,,,,,,,,,,
,,,,,,,,,,,,,,
,,,,,,,,,,,,,,
,,,,,,,,,,,,,,
,,,,,,,,,,,,,,
,,,,,,,,,,,,,,
,,,,,,,,,,,,,,
,,,,,,,,,,,,,,
,,,,,,,,,,,,,,
,,,,,,,,,,,,,,
,,,,,,,,,,,,,,
,,,,,,,,,,,,,,
,,,,,,,,,,,,,,
,,,,,,,,,,,,,,
,,,,,,,,,,,,,,
,,,,,,,,,,,,,,
,,,,,,,,,,,,,,
,,,,,,,,,,,,,,
,,,,,,,,,,,,,,
,,,,,,,,,,,,,,
,,,,,,,,,,,,,,
,,,,,,,,,,,,,,
,,,,,,,,,,,,,,
,,,,,,,,,,,,,,
,,,,,,,,,,,,,,
,,,,,,,,,,,,,,
,,,,,,,,,,,,,,
,,,,,,,,,,,,,,
,,,,,,,,,,,,,,
,,,,,,,,,,,,,,
,,,,,,,,,,,,,,
,,,,,,,,,,,,,,
,,,,,,,,,,,,,,
,,,,,,,,,,,,,,
,,,,,,,,,,,,,,
,,,,,,,,,,,,,,
,,,,,,,,,,,,,,
,,,,,,,,,,,,,,
,,,,,,,,,,,,,,
,,,,,,,,,,,,,,
,,,,,,,,,,,,,,
,,,,,,,,,,,,,,
,,,,,,,,,,,,,,
,,,,,,,,,,,,,,
,,,,,,,,,,,,,,
,,,,,,,,,,,,,,
,,,,,,,,,,,,,,
,,,,,,,,,,,,,,
,,,,,,,,,,,,,,
,,,,,,,,,,,,,,
,,,,,,,,,,,,,,
,,,,,,,,,,,,,,
,,,,,,,,,,,,,,
,,,,,,,,,,,,,,
,,,,,,,,,,,,,,
,,,,,,,,,,,,,,
,,,,,,,,,,,,,,
,,,,,,,,,,,,,,
,,,,,,,,,,,,,,
,,,,,,,,,,,,,,
,,,,,,,,,,,,,,
,,,,,,,,,,,,,,
,,,,,,,,,,,,,,
,,,,,,,,,,,,,,
,,,,,,,,,,,,,,
,,,,,,,,,,,,,,
,,,,,,,,,,,,,,
,,,,,,,,,,,,,,
,,,,,,,,,,,,,,
,,,,,,,,,,,,,,
,,,,,,,,,,,,,,
,,,,,,,,,,,,,,
,,,,,,,,,,,,,,
,,,,,,,,,,,,,,
,,,,,,,,,,,,,,
,,,,,,,,,,,,,,
,,,,,,,,,,,,,,
,,,,,,,,,,,,,,
,,,,,,,,,,,,,,
,,,,,,,,,,,,,,
,,,,,,,,,,,,,,
,,,,,,,,,,,,,,
,,,,,,,,,,,,,,
,,,,,,,,,,,,,,
,,,,,,,,,,,,,,
,,,,,,,,,,,,,,
,,,,,,,,,,,,,,
,,,,,,,,,,,,,,
,,,,,,,,,,,,,,
,,,,,,,,,,,,,,
,,,,,,,,,,,,,,
,,,,,,,,,,,,,,
,,,,,,,,,,,,,,
,,,,,,,,,,,,,,
,,,,,,,,,,,,,,
,,,,,,,,,,,,,,
,,,,,,,,,,,,,,
,,,,,,,,,,,,,,
,,,,,,,,,,,,,,
,,,,,,,,,,,,,,
,,,,,,,,,,,,,,
,,,,,,,,,,,,,,
,,,,,,,,,,,,,,
,,,,,,,,,,,,,,
,,,,,,,,,,,,,,
,,,,,,,,,,,,,,
,,,,,,,,,,,,,,
,,,,,,,,,,,,,,
,,,,,,,,,,,,,,
,,,,,,,,,,,,,,
,,,,,,,,,,,,,,
,,,,,,,,,,,,,,
,,,,,,,,,,,,,,
,,,,,,,,,,,,,,
,,,,,,,,,,,,,,
,,,,,,,,,,,,,,
,,,,,,,,,,,,,,
,,,,,,,,,,,,,,
,,,,,,,,,,,,,,
,,,,,,,,,,,,,,
,,,,,,,,,,,,,,
,,,,,,,,,,,,,,
,,,,,,,,,,,,,,
,,,,,,,,,,,,,,
,,,,,,,,,,,,,,
,,,,,,,,,,,,,,
,,,,,,,,,,,,,,
,,,,,,,,,,,,,,
,,,,,,,,,,,,,,
,,,,,,,,,,,,,,
,,,,,,,,,,,,,,
,,,,,,,,,,,,,,
,,,,,,,,,,,,,,
,,,,,,,,,,,,,,
,,,,,,,,,,,,,,
,,,,,,,,,,,,,,
,,,,,,,,,,,,,,
,,,,,,,,,,,,,,
,,,,,,,,,,,,,,
,,,,,,,,,,,,,,
,,,,,,,,,,,,,,
,,,,,,,,,,,,,,
,,,,,,,,,,,,,,
,,,,,,,,,,,,,,
,,,,,,,,,,,,,,
,,,,,,,,,,,,,,
,,,,,,,,,,,,,,
,,,,,,,,,,,,,,
,,,,,,,,,,,,,,
,,,,,,,,,,,,,,
,,,,,,,,,,,,,,
,,,,,,,,,,,,,,
,,,,,,,,,,,,,,
,,,,,,,,,,,,,,
,,,,,,,,,,,,,,
,,,,,,,,,,,,,,
,,,,,,,,,,,,,,
,,,,,,,,,,,,,,
,,,,,,,,,,,,,,
,,,,,,,,,,,,,,
,,,,,,,,,,,,,,
,,,,,,,,,,,,,,
,,,,,,,,,,,,,,
,,,,,,,,,,,,,,
,,,,,,,,,,,,,,
,,,,,,,,,,,,,,
,,,,,,,,,,,,,,
,,,,,,,,,,,,,,
,,,,,,,,,,,,,,
,,,,,,,,,,,,,,
,,,,,,,,,,,,,,
,,,,,,,,,,,,,,
,,,,,,,,,,,,,,
,,,,,,,,,,,,,,
,,,,,,,,,,,,,,
,,,,,,,,,,,,,,
,,,,,,,,,,,,,,
,,,,,,,,,,,,,,
,,,,,,,,,,,,,,
,,,,,,,,,,,,,,
,,,,,,,,,,,,,,
,,,,,,,,,,,,,,
,,,,,,,,,,,,,,
,,,,,,,,,,,,,,
,,,,,,,,,,,,,,
,,,,,,,,,,,,,,
,,,,,,,,,,,,,,
,,,,,,,,,,,,,,
,,,,,,,,,,,,,,
,,,,,,,,,,,,,,
,,,,,,,,,,,,,,
,,,,,,,,,,,,,,
,,,,,,,,,,,,,,
,,,,,,,,,,,,,,
,,,,,,,,,,,,,,
,,,,,,,,,,,,,,
,,,,,,,,,,,,,,
,,,,,,,,,,,,,,
,,,,,,,,,,,,,,
,,,,,,,,,,,,,,
,,,,,,,,,,,,,,
,,,,,,,,,,,,,,
,,,,,,,,,,,,,,
,,,,,,,,,,,,,,
,,,,,,,,,,,,,,
,,,,,,,,,,,,,,
,,,,,,,,,,,,,,
,,,,,,,,,,,,,,
,,,,,,,,,,,,,,
,,,,,,,,,,,,,,
,,,,,,,,,,,,,,
,,,,,,,,,,,,,,
,,,,,,,,,,,,,,
,,,,,,,,,,,,,,
,,,,,,,,,,,,,,
,,,,,,,,,,,,,,
,,,,,,,,,,,,,,
,,,,,,,,,,,,,,
,,,,,,,,,,,,,,
,,,,,,,,,,,,,,
,,,,,,,,,,,,,,
,,,,,,,,,,,,,,
,,,,,,,,,,,,,,
,,,,,,,,,,,,,,
,,,,,,,,,,,,,,
,,,,,,,,,,,,,,
,,,,,,,,,,,,,,
,,,,,,,,,,,,,,
,,,,,,,,,,,,,,
,,,,,,,,,,,,,,
,,,,,,,,,,,,,,
,,,,,,,,,,,,,,
,,,,,,,,,,,,,,
,,,,,,,,,,,,,,
,,,,,,,,,,,,,,
,,,,,,,,,,,,,,
,,,,,,,,,,,,,,
,,,,,,,,,,,,,,
,,,,,,,,,,,,,,
,,,,,,,,,,,,,,
,,,,,,,,,,,,,,
,,,,,,,,,,,,,,
,,,,,,,,,,,,,,
,,,,,,,,,,,,,,
,,,,,,,,,,,,,,
,,,,,,,,,,,,,,
,,,,,,,,,,,,,,
,,,,,,,,,,,,,,
,,,,,,,,,,,,,,
,,,,,,,,,,,,,,
,,,,,,,,,,,,,,
,,,,,,,,,,,,,,
,,,,,,,,,,,,,,
,,,,,,,,,,,,,,
,,,,,,,,,,,,,,
,,,,,,,,,,,,,,
,,,,,,,,,,,,,,
,,,,,,,,,,,,,,
,,,,,,,,,,,,,,
,,,,,,,,,,,,,,
,,,,,,,,,,,,,,
,,,,,,,,,,,,,,
,,,,,,,,,,,,,,
,,,,,,,,,,,,,,
,,,,,,,,,,,,,,
,,,,,,,,,,,,,,
,,,,,,,,,,,,,,
,,,,,,,,,,,,,,
,,,,,,,,,,,,,,
,,,,,,,,,,,,,,
,,,,,,,,,,,,,,
,,,,,,,,,,,,,,
,,,,,,,,,,,,,,
,,,,,,,,,,,,,,
,,,,,,,,,,,,,,
,,,,,,,,,,,,,,
,,,,,,,,,,,,,,
,,,,,,,,,,,,,,
,,,,,,,,,,,,,,
,,,,,,,,,,,,,,
,,,,,,,,,,,,,,
,,,,,,,,,,,,,,
,,,,,,,,,,,,,,
,,,,,,,,,,,,,,
,,,,,,,,,,,,,,
,,,,,,,,,,,,,,
,,,,,,,,,,,,,,
,,,,,,,,,,,,,,
,,,,,,,,,,,,,,
,,,,,,,,,,,,,,
,,,,,,,,,,,,,,
,,,,,,,,,,,,,,
,,,,,,,,,,,,,,
,,,,,,,,,,,,,,
,,,,,,,,,,,,,,
,,,,,,,,,,,,,,
,,,,,,,,,,,,,,
,,,,,,,,,,,,,,
,,,,,,,,,,,,,,
,,,,,,,,,,,,,,
,,,,,,,,,,,,,,
,,,,,,,,,,,,,,
,,,,,,,,,,,,,,
,,,,,,,,,,,,,,
,,,,,,,,,,,,,,
,,,,,,,,,,,,,,
,,,,,,,,,,,,,,
,,,,,,,,,,,,,,
,,,,,,,,,,,,,,
,,,,,,,,,,,,,,
,,,,,,,,,,,,,,
,,,,,,,,,,,,,,
,,,,,,,,,,,,,,
,,,,,,,,,,,,,,
,,,,,,,,,,,,,,
,,,,,,,,,,,,,,
,,,,,,,,,,,,,,
,,,,,,,,,,,,,,
,,,,,,,,,,,,,,
,,,,,,,,,,,,,,
,,,,,,,,,,,,,,
,,,,,,,,,,,,,,
,,,,,,,,,,,,,,
,,,,,,,,,,,,,,
,,,,,,,,,,,,,,
,,,,,,,,,,,,,,
,,,,,,,,,,,,,,
,,,,,,,,,,,,,,
,,,,,,,,,,,,,,
,,,,,,,,,,,,,,
,,,,,,,,,,,,,,
,,,,,,,,,,,,,,
,,,,,,,,,,,,,,
,,,,,,,,,,,,,,
,,,,,,,,,,,,,,
,,,,,,,,,,,,,,
,,,,,,,,,,,,,,
,,,,,,,,,,,,,,
,,,,,,,,,,,,,,
,,,,,,,,,,,,,,
,,,,,,,,,,,,,,
,,,,,,,,,,,,,,
,,,,,,,,,,,,,,
,,,,,,,,,,,,,,
,,,,,,,,,,,,,,
,,,,,,,,,,,,,,
,,,,,,,,,,,,,,
,,,,,,,,,,,,,,
,,,,,,,,,,,,,,
,,,,,,,,,,,,,,
,,,,,,,,,,,,,,
,,,,,,,,,,,,,,
,,,,,,,,,,,,,,
,,,,,,,,,,,,,,
,,,,,,,,,,,,,,
,,,,,,,,,,,,,,
,,,,,,,,,,,,,,
,,,,,,,,,,,,,,
,,,,,,,,,,,,,,
,,,,,,,,,,,,,,
,,,,,,,,,,,,,,
,,,,,,,,,,,,,,
,,,,,,,,,,,,,,
,,,,,,,,,,,,,,
,,,,,,,,,,,,,,
,,,,,,,,,,,,,,
,,,,,,,,,,,,,,
,,,,,,,,,,,,,,
,,,,,,,,,,,,,,
,,,,,,,,,,,,,,
,,,,,,,,,,,,,,
,,,,,,,,,,,,,,
,,,,,,,,,,,,,,
,,,,,,,,,,,,,,
,,,,,,,,,,,,,,
,,,,,,,,,,,,,,
,,,,,,,,,,,,,,
,,,,,,,,,,,,,,
,,,,,,,,,,,,,,
,,,,,,,,,,,,,,
,,,,,,,,,,,,,,
,,,,,,,,,,,,,,
,,,,,,,,,,,,,,
,,,,,,,,,,,,,,
,,,,,,,,,,,,,,
,,,,,,,,,,,,,,